run_id,run_label,frame_index,measured,elapsed_measurement_s,capture_time_ms,detector_time_ms,landmarks_time_ms,control_time_ms,serial_time_ms,display_time_ms,inference_time_ms,pipeline_time_ms,total_frame_time_ms,fps,hand_detected,landmarks_found,hands_found,pose_sent,chosen_score,palm_y,wrist_phase,wrist_transition,candidate_elbow,candidate_wrist_rotation,current_elbow,current_wrist_rotation,ack,cpu_percent
mp_wrist_rotate_cpu_20260603_222001,mp_wrist_rotate_cpu,1,0,0.000000,345.392565,0.000000,38.442117,0.046463,0.000000,167.313246,38.442117,383.881145,551.224482,1.814143,0,0,0,0,0.000000,,TOP_HOME,,65,90,65,90,,2.7
mp_wrist_rotate_cpu_20260603_222001,mp_wrist_rotate_cpu,2,0,0.000000,0.859168,0.000000,57.392887,0.051685,100.671548,4.136006,57.392887,158.975288,163.136869,6.129822,0,0,0,1,0.000000,,TOP_HOME,,65,90,65,90,,11.3
mp_wrist_rotate_cpu_20260603_222001,mp_wrist_rotate_cpu,3,0,0.000000,1.370446,0.000000,48.947744,0.041185,0.000000,6.524195,48.947744,50.359375,56.905461,17.573006,0,0,0,0,0.000000,,TOP_HOME,,65,90,65,90,,12.5
mp_wrist_rotate_cpu_20260603_222001,mp_wrist_rotate_cpu,4,0,0.000000,1.107001,0.000000,40.852639,0.041315,0.000000,3.921321,40.852639,42.000955,45.942869,21.766164,0,0,0,0,0.000000,,TOP_HOME,,65,90,65,90,,9.7
mp_wrist_rotate_cpu_20260603_222001,mp_wrist_rotate_cpu,5,0,0.000000,0.532760,0.000000,43.349087,0.043037,0.000000,4.045469,43.349087,43.924884,47.982613,20.840883,0,0,0,0,0.000000,,TOP_HOME,,65,90,65,90,,11.9
mp_wrist_rotate_cpu_20260603_222001,mp_wrist_rotate_cpu,6,0,0.000000,0.476816,0.000000,41.674603,0.041038,0.000000,4.796766,41.674603,42.192457,47.013278,21.270587,0,0,0,0,0.000000,,TOP_HOME,,65,90,65,90,,8.3
mp_wrist_rotate_cpu_20260603_222001,mp_wrist_rotate_cpu,7,0,0.000000,0.687167,0.000000,40.797472,0.039686,0.000000,4.819582,40.797472,41.524325,46.358906,21.570828,0,0,0,0,0.000000,,TOP_HOME,,65,90,65,90,,9.2
mp_wrist_rotate_cpu_20260603_222001,mp_wrist_rotate_cpu,8,0,0.000000,0.684760,0.000000,38.780673,0.039241,0.000000,4.021876,38.780673,39.504674,43.542106,22.966275,0,0,0,0,0.000000,,TOP_HOME,,65,90,65,90,,8.3
mp_wrist_rotate_cpu_20260603_222001,mp_wrist_rotate_cpu,9,0,0.000000,0.527408,0.000000,40.258304,0.033981,0.000000,3.901506,40.258304,40.819693,44.734312,22.354205,0,0,0,0,0.000000,,TOP_HOME,,65,90,65,90,,7.3
mp_wrist_rotate_cpu_20260603_222001,mp_wrist_rotate_cpu,10,0,0.000000,0.843243,0.000000,39.703840,0.034315,0.000000,3.995839,39.703840,40.581398,44.594923,22.424077,0,0,0,0,0.000000,,TOP_HOME,,65,90,65,90,,9.7
mp_wrist_rotate_cpu_20260603_222001,mp_wrist_rotate_cpu,11,0,0.000000,1.026520,0.000000,45.230534,0.035167,0.581982,5.605509,45.230534,46.874203,52.536306,19.034456,0,0,0,1,0.000000,,TOP_HOME,,65,90,65,90,OK,10.0
mp_wrist_rotate_cpu_20260603_222001,mp_wrist_rotate_cpu,12,0,0.000000,0.546149,0.000000,42.682882,0.029815,0.000000,4.688878,42.682882,43.258846,47.964057,20.848945,0,0,0,0,0.000000,,TOP_HOME,,65,90,65,90,,11.2
mp_wrist_rotate_cpu_20260603_222001,mp_wrist_rotate_cpu,13,0,0.000000,16.052895,0.000000,40.755750,0.034500,0.000000,4.293915,40.755750,56.843145,61.156838,16.351401,0,0,0,0,0.000000,,TOP_HOME,,65,90,65,90,,7.0
mp_wrist_rotate_cpu_20260603_222001,mp_wrist_rotate_cpu,14,0,0.000000,22.268313,0.000000,43.372921,0.034259,0.000000,6.153028,43.372921,65.675493,71.841780,13.919477,0,0,0,0,0.000000,,TOP_HOME,,65,90,65,90,,10.3
mp_wrist_rotate_cpu_20260603_222001,mp_wrist_rotate_cpu,15,0,0.000000,14.171263,0.000000,39.176784,0.036167,0.000000,3.862543,39.176784,53.384214,57.259554,17.464334,0,0,0,0,0.000000,,TOP_HOME,,65,90,65,90,,7.6
mp_wrist_rotate_cpu_20260603_222001,mp_wrist_rotate_cpu,16,0,0.000000,24.788151,0.000000,39.959026,0.034149,0.000000,3.997006,39.959026,64.781326,68.792627,14.536442,0,0,0,0,0.000000,,TOP_HOME,,65,90,65,90,,6.9
mp_wrist_rotate_cpu_20260603_222001,mp_wrist_rotate_cpu,17,0,0.000000,23.607648,0.000000,39.572044,0.034538,0.000000,3.914209,39.572044,63.214230,67.146865,14.892728,0,0,0,0,0.000000,,TOP_HOME,,65,90,65,90,,6.0
mp_wrist_rotate_cpu_20260603_222001,mp_wrist_rotate_cpu,18,0,0.000000,24.204427,0.000000,44.378422,0.043111,0.000000,5.407768,44.378422,68.625960,74.050802,13.504243,0,0,0,0,0.000000,,TOP_HOME,,65,90,65,90,,8.9
mp_wrist_rotate_cpu_20260603_222001,mp_wrist_rotate_cpu,19,0,0.000000,13.794151,0.000000,40.036360,0.034444,0.772687,3.869117,40.036360,54.637642,58.553167,17.078496,0,0,0,1,0.000000,,TOP_HOME,,65,90,65,90,OK,7.3
mp_wrist_rotate_cpu_20260603_222001,mp_wrist_rotate_cpu,20,0,0.000000,23.001463,0.000000,43.766254,0.037722,0.000000,6.714252,43.766254,66.805439,73.536746,13.598644,0,0,0,0,0.000000,,TOP_HOME,,65,90,65,90,,9.8
mp_wrist_rotate_cpu_20260603_222001,mp_wrist_rotate_cpu,21,0,0.000000,12.784724,0.000000,40.185008,0.034574,0.000000,3.946136,40.185008,53.004306,56.964868,17.554679,0,0,0,0,0.000000,,TOP_HOME,,65,90,65,90,,8.7
mp_wrist_rotate_cpu_20260603_222001,mp_wrist_rotate_cpu,22,0,0.000000,23.632297,0.000000,37.838671,0.035000,0.000000,4.979990,37.838671,61.505968,66.500809,15.037411,0,0,0,0,0.000000,,TOP_HOME,,65,90,65,90,,6.2
mp_wrist_rotate_cpu_20260603_222001,mp_wrist_rotate_cpu,23,0,0.000000,24.648687,0.000000,39.135080,0.033370,0.000000,3.976025,39.135080,63.817137,67.809274,14.747245,0,0,0,0,0.000000,,TOP_HOME,,65,90,65,90,,6.5
mp_wrist_rotate_cpu_20260603_222001,mp_wrist_rotate_cpu,24,0,0.000000,20.642199,0.000000,38.035189,0.035074,0.000000,3.938154,38.035189,58.712462,62.666025,15.957610,0,0,0,0,0.000000,,TOP_HOME,,65,90,65,90,,7.3
mp_wrist_rotate_cpu_20260603_222001,mp_wrist_rotate_cpu,25,0,0.000000,25.427762,0.000000,37.032318,0.037075,0.000000,4.188951,37.032318,62.497155,66.700402,14.992413,0,0,0,0,0.000000,,TOP_HOME,,65,90,65,90,,5.5
mp_wrist_rotate_cpu_20260603_222001,mp_wrist_rotate_cpu,26,0,0.000000,26.471523,0.000000,39.424026,0.036389,0.000000,4.238396,39.424026,65.931938,70.185371,14.247983,0,0,0,0,0.000000,,TOP_HOME,,65,90,65,90,,6.2
mp_wrist_rotate_cpu_20260603_222001,mp_wrist_rotate_cpu,27,0,0.000000,19.640680,0.000000,40.528694,0.035945,0.334612,6.800288,40.528694,60.539931,67.381162,14.840943,0,0,0,1,0.000000,,TOP_HOME,,65,90,65,90,OK,8.3
mp_wrist_rotate_cpu_20260603_222001,mp_wrist_rotate_cpu,28,0,0.000000,19.937772,0.000000,40.707694,0.028852,0.000000,3.881988,40.707694,60.674318,64.572231,15.486533,0,0,0,0,0.000000,,TOP_HOME,,65,90,65,90,,8.0
mp_wrist_rotate_cpu_20260603_222001,mp_wrist_rotate_cpu,29,0,0.000000,23.040462,0.000000,39.252136,0.033944,0.000000,3.979284,39.252136,62.326542,66.319660,15.078485,0,0,0,0,0.000000,,TOP_HOME,,65,90,65,90,,7.2
mp_wrist_rotate_cpu_20260603_222001,mp_wrist_rotate_cpu,30,0,0.000000,20.557125,0.000000,44.878867,0.040574,0.000000,3.829969,44.878867,65.476566,69.327517,14.424287,0,0,0,0,0.000000,,TOP_HOME,,65,90,65,90,,8.6
mp_wrist_rotate_cpu_20260603_222001,mp_wrist_rotate_cpu,31,1,0.000018,18.553937,0.000000,39.471988,0.077556,0.000000,4.009192,39.471988,58.103481,62.129709,16.095359,0,0,0,0,0.000000,,TOP_HOME,,65,90,65,90,,7.0
mp_wrist_rotate_cpu_20260603_222001,mp_wrist_rotate_cpu,32,1,0.067975,24.134297,0.000000,39.497173,0.040000,0.000000,3.901599,39.497173,63.671470,67.586959,14.795754,0,0,0,0,0.000000,,TOP_HOME,,65,90,65,90,,8.0
mp_wrist_rotate_cpu_20260603_222001,mp_wrist_rotate_cpu,33,1,0.141268,20.143809,0.000000,48.744818,0.041574,0.000000,4.069451,48.744818,68.930201,73.012060,13.696367,0,0,0,0,0.000000,,TOP_HOME,,65,90,65,90,,8.3
mp_wrist_rotate_cpu_20260603_222001,mp_wrist_rotate_cpu,34,1,0.215378,16.431452,0.000000,53.252732,0.042593,0.000000,4.087654,53.252732,69.726777,73.830561,13.544527,0,0,0,0,0.000000,,TOP_HOME,,65,90,65,90,,9.2
mp_wrist_rotate_cpu_20260603_222001,mp_wrist_rotate_cpu,35,1,0.278296,8.784365,0.000000,47.958205,0.039370,0.905705,4.835470,47.958205,57.687645,62.636247,15.965197,0,0,0,1,0.000000,,TOP_HOME,,65,90,65,90,OK,9.0
mp_wrist_rotate_cpu_20260603_222001,mp_wrist_rotate_cpu,36,1,0.338664,9.979553,0.000000,46.146610,0.029204,0.000000,3.935988,46.146610,56.155367,60.104743,16.637622,0,0,0,0,0.000000,,TOP_HOME,,65,90,65,90,,11.6
mp_wrist_rotate_cpu_20260603_222001,mp_wrist_rotate_cpu,37,1,0.399190,17.459750,0.000000,38.246450,0.034537,0.000000,4.399211,38.246450,55.740737,60.154040,16.623987,0,0,0,0,0.000000,,TOP_HOME,,65,90,65,90,,8.0
mp_wrist_rotate_cpu_20260603_222001,mp_wrist_rotate_cpu,38,1,0.468326,24.959447,0.000000,38.797635,0.035333,0.000000,4.882526,38.797635,63.792415,68.688775,14.558419,0,0,0,0,0.000000,,TOP_HOME,,65,90,65,90,,7.8
mp_wrist_rotate_cpu_20260603_222001,mp_wrist_rotate_cpu,39,1,0.534087,19.941328,0.000000,41.530899,0.034371,0.000000,3.919839,41.530899,61.506598,65.456715,15.277271,0,0,0,0,0.000000,,TOP_HOME,,65,90,65,90,,8.3
mp_wrist_rotate_cpu_20260603_222001,mp_wrist_rotate_cpu,40,1,0.598163,22.313443,0.000000,37.403763,0.035037,0.000000,3.917488,37.403763,59.752243,63.684008,15.702529,0,0,0,0,0.000000,,TOP_HOME,,65,90,65,90,,8.0
mp_wrist_rotate_cpu_20260603_222001,mp_wrist_rotate_cpu,41,1,0.668657,26.086449,0.000000,39.370507,0.321611,0.000000,4.332340,39.370507,65.778567,70.125481,14.260152,0,0,0,0,0.000000,,TOP_HOME,,65,90,65,90,,7.8
mp_wrist_rotate_cpu_20260603_222001,mp_wrist_rotate_cpu,42,1,0.730805,19.968605,0.000000,37.732893,0.035408,0.000000,3.957432,37.732893,57.736906,61.708913,16.205114,0,0,0,0,0.000000,,TOP_HOME,,65,90,65,90,,6.2
mp_wrist_rotate_cpu_20260603_222001,mp_wrist_rotate_cpu,43,1,0.802371,25.383151,0.000000,41.235361,0.035556,0.607742,3.917228,41.235361,67.261810,71.214298,14.042124,0,0,0,1,0.000000,,TOP_HOME,,65,90,65,90,OK,10.8
mp_wrist_rotate_cpu_20260603_222001,mp_wrist_rotate_cpu,44,1,0.867326,21.985053,0.000000,38.572857,0.029593,0.000000,3.979729,38.572857,60.587503,64.583546,15.483820,0,0,0,0,0.000000,,TOP_HOME,,65,90,65,90,,6.7
mp_wrist_rotate_cpu_20260603_222001,mp_wrist_rotate_cpu,45,1,0.940502,20.842588,0.000000,45.624053,0.033574,0.000000,6.397991,45.624053,66.500215,72.910300,13.715483,0,0,0,0,0.000000,,TOP_HOME,,65,90,65,90,,9.8
mp_wrist_rotate_cpu_20260603_222001,mp_wrist_rotate_cpu,46,1,1.001257,15.726506,0.000000,40.837027,0.035463,0.000000,3.890877,40.837027,56.598996,60.501392,16.528545,0,0,0,0,0.000000,,TOP_HOME,,65,90,65,90,,10.6
mp_wrist_rotate_cpu_20260603_222001,mp_wrist_rotate_cpu,47,1,1.069236,23.192889,0.000000,40.482731,0.035778,0.000000,4.000359,40.482731,63.711398,67.724237,14.765763,0,0,0,0,0.000000,,TOP_HOME,,65,90,65,90,,7.4
mp_wrist_rotate_cpu_20260603_222001,mp_wrist_rotate_cpu,48,1,1.132269,19.688439,0.000000,38.308746,0.041426,0.000000,4.563322,38.308746,58.038611,62.621340,15.968997,0,0,0,0,0.000000,,TOP_HOME,,65,90,65,90,,10.2
mp_wrist_rotate_cpu_20260603_222001,mp_wrist_rotate_cpu,49,1,1.201188,23.944130,0.000000,40.068027,0.035408,0.000000,4.592137,40.068027,64.047565,68.651979,14.566222,0,0,0,0,0.000000,,TOP_HOME,,65,90,65,90,,8.3
mp_wrist_rotate_cpu_20260603_222001,mp_wrist_rotate_cpu,50,1,1.267688,23.267277,0.000000,39.022766,0.034518,0.000000,3.910303,39.022766,62.324561,66.253105,15.093632,0,0,0,0,0.000000,,TOP_HOME,,65,90,65,90,,7.4
mp_wrist_rotate_cpu_20260603_222001,mp_wrist_rotate_cpu,51,1,1.339500,20.699681,0.000000,44.920164,0.034611,0.814649,4.867508,44.920164,66.469105,71.563872,13.973531,0,0,0,1,0.000000,,TOP_HOME,,65,90,65,90,OK,9.7
mp_wrist_rotate_cpu_20260603_222001,mp_wrist_rotate_cpu,52,1,1.404084,16.747045,0.000000,43.002624,0.028556,0.000000,4.343414,43.002624,59.778225,64.135064,15.592095,0,0,0,0,0.000000,,TOP_HOME,,65,90,65,90,,10.7
mp_wrist_rotate_cpu_20260603_222001,mp_wrist_rotate_cpu,53,1,1.469200,20.286662,0.000000,38.903469,0.075334,0.000000,5.560657,38.903469,59.265465,64.841084,15.422321,0,0,0,0,0.000000,,TOP_HOME,,65,90,65,90,,10.5
mp_wrist_rotate_cpu_20260603_222001,mp_wrist_rotate_cpu,54,1,1.536196,19.035048,0.000000,42.873753,0.034703,0.000000,4.789434,42.873753,61.943504,66.744865,14.982426,0,0,0,0,0.000000,,TOP_HOME,,65,90,65,90,,9.2
mp_wrist_rotate_cpu_20260603_222001,mp_wrist_rotate_cpu,55,1,1.602952,20.052717,0.000000,41.211658,0.045314,0.000000,5.061730,41.211658,61.309689,66.384086,15.063851,0,0,0,0,0.000000,,TOP_HOME,,65,90,65,90,,7.4
mp_wrist_rotate_cpu_20260603_222001,mp_wrist_rotate_cpu,56,1,1.671147,21.252922,0.000000,42.598678,0.034760,0.000000,3.942006,42.598678,63.886360,67.841348,14.740273,0,0,0,0,0.000000,,TOP_HOME,,65,90,65,90,,10.8
mp_wrist_rotate_cpu_20260603_222001,mp_wrist_rotate_cpu,57,1,1.732988,17.345101,0.000000,40.180379,0.033426,0.000000,3.930673,40.180379,57.558906,61.505171,16.258796,0,0,0,0,0.000000,,TOP_HOME,,65,90,65,90,,8.0
mp_wrist_rotate_cpu_20260603_222001,mp_wrist_rotate_cpu,58,1,1.816459,23.451944,0.000000,54.921068,0.046963,0.000000,4.557397,54.921068,78.419975,82.992150,12.049332,0,0,0,0,0.000000,,TOP_HOME,,65,90,65,90,,9.3
mp_wrist_rotate_cpu_20260603_222001,mp_wrist_rotate_cpu,59,1,1.871779,7.704994,0.000000,39.875434,0.045982,0.688446,6.418714,39.875434,48.314856,54.908661,18.212063,0,0,0,1,0.000000,,TOP_HOME,,65,90,65,90,OK,10.4
mp_wrist_rotate_cpu_20260603_222001,mp_wrist_rotate_cpu,60,1,1.935610,16.426823,0.000000,43.023661,0.029204,0.000000,4.026840,43.023661,59.479688,63.519341,15.743236,0,0,0,0,0.000000,,TOP_HOME,,65,90,65,90,,11.3
mp_wrist_rotate_cpu_20260603_222001,mp_wrist_rotate_cpu,61,1,2.001325,21.472145,0.000000,39.806563,0.034722,0.000000,3.885914,39.806563,61.313430,65.212566,15.334468,0,0,0,0,0.000000,,TOP_HOME,,65,90,65,90,,10.3
mp_wrist_rotate_cpu_20260603_222001,mp_wrist_rotate_cpu,62,1,2.065718,23.131073,0.000000,36.909280,0.034537,0.000000,3.918710,36.909280,60.074890,64.008953,15.622815,0,0,0,0,0.000000,,TOP_HOME,,65,90,65,90,,8.6
mp_wrist_rotate_cpu_20260603_222001,mp_wrist_rotate_cpu,63,1,2.131697,22.584554,0.000000,39.221933,0.034537,0.000000,3.848469,39.221933,61.841024,65.701271,15.220406,0,0,0,0,0.000000,,TOP_HOME,,65,90,65,90,,8.6
mp_wrist_rotate_cpu_20260603_222001,mp_wrist_rotate_cpu,64,1,2.199263,24.822521,0.000000,38.081264,0.033945,0.000000,4.234229,38.081264,62.937730,67.186346,14.883977,0,0,0,0,0.000000,,TOP_HOME,,65,90,65,90,,8.9
mp_wrist_rotate_cpu_20260603_222001,mp_wrist_rotate_cpu,65,1,2.267468,25.167799,0.000000,38.249116,0.034425,0.000000,4.331433,38.249116,63.451340,67.799125,14.749453,0,0,0,0,0.000000,,TOP_HOME,,65,90,65,90,,8.1
mp_wrist_rotate_cpu_20260603_222001,mp_wrist_rotate_cpu,66,1,2.331664,20.870440,0.000000,39.049784,0.035148,0.000000,3.961469,39.049784,59.955372,63.929787,15.642161,0,0,0,0,0.000000,,TOP_HOME,,65,90,65,90,,11.6
mp_wrist_rotate_cpu_20260603_222001,mp_wrist_rotate_cpu,67,1,2.400567,24.706243,0.000000,39.315062,0.034018,0.466260,3.771969,39.315062,64.521583,68.349312,14.630725,0,0,0,1,0.000000,,TOP_HOME,,65,90,65,90,OK,8.9
mp_wrist_rotate_cpu_20260603_222001,mp_wrist_rotate_cpu,68,1,2.471026,24.589373,0.000000,41.574399,0.029945,0.000000,3.946951,41.574399,66.193717,70.174889,14.250112,0,0,0,0,0.000000,,TOP_HOME,,65,90,65,90,,8.9
mp_wrist_rotate_cpu_20260603_222001,mp_wrist_rotate_cpu,69,1,2.535215,17.240583,0.000000,42.698697,0.034445,0.000000,3.855895,42.698697,59.973725,63.842304,15.663595,0,0,0,0,0.000000,,TOP_HOME,,65,90,65,90,,7.4
mp_wrist_rotate_cpu_20260603_222001,mp_wrist_rotate_cpu,70,1,2.597690,21.103700,0.000000,37.092078,0.034075,0.000000,3.861154,37.092078,58.229853,62.104284,16.101949,0,0,0,0,0.000000,,TOP_HOME,,65,90,65,90,,6.7
mp_wrist_rotate_cpu_20260603_222001,mp_wrist_rotate_cpu,71,1,2.667174,27.297062,0.000000,37.654967,0.035611,0.000000,4.190969,37.654967,64.987640,69.193832,14.452155,0,0,0,0,0.000000,,TOP_HOME,,65,90,65,90,,7.8
mp_wrist_rotate_cpu_20260603_222001,mp_wrist_rotate_cpu,72,1,2.732721,21.097737,0.000000,40.296212,0.034871,0.000000,3.829414,40.296212,61.428820,65.271344,15.320659,0,0,0,0,0.000000,,TOP_HOME,,65,90,65,90,,6.7
mp_wrist_rotate_cpu_20260603_222001,mp_wrist_rotate_cpu,73,1,2.799052,23.662722,0.000000,37.908078,0.033871,0.000000,4.299026,37.908078,61.604671,65.916622,15.170680,0,0,0,0,0.000000,,TOP_HOME,,65,90,65,90,,6.9
mp_wrist_rotate_cpu_20260603_222001,mp_wrist_rotate_cpu,74,1,2.865670,25.252355,0.000000,36.944521,0.035426,0.000000,4.005155,36.944521,62.232302,66.251457,15.094008,0,0,0,0,0.000000,,TOP_HOME,,65,90,65,90,,6.5
mp_wrist_rotate_cpu_20260603_222001,mp_wrist_rotate_cpu,75,1,2.929861,22.638518,0.000000,36.792892,0.034018,0.320908,4.084248,36.792892,59.786336,63.908138,15.647459,0,0,0,1,0.000000,,TOP_HOME,,65,90,65,90,OK,6.7
mp_wrist_rotate_cpu_20260603_222001,mp_wrist_rotate_cpu,76,1,3.001326,26.543542,0.000000,40.649601,0.028463,0.000000,3.886006,40.649601,67.221606,71.123131,14.060123,0,0,0,0,0.000000,,TOP_HOME,,65,90,65,90,,6.5
mp_wrist_rotate_cpu_20260603_222001,mp_wrist_rotate_cpu,77,1,3.066803,23.487667,0.000000,37.196559,0.034871,0.000000,4.369767,37.196559,60.719097,65.102992,15.360277,0,0,0,0,0.000000,,TOP_HOME,,65,90,65,90,,6.7
mp_wrist_rotate_cpu_20260603_222001,mp_wrist_rotate_cpu,78,1,3.131694,21.541071,0.000000,38.047319,0.035203,0.000000,4.813230,38.047319,59.623593,64.450879,15.515692,0,0,0,0,0.000000,,TOP_HOME,,65,90,65,90,,5.0
mp_wrist_rotate_cpu_20260603_222001,mp_wrist_rotate_cpu,79,1,3.201752,24.626872,0.000000,40.124730,0.035481,0.000000,4.831804,40.124730,64.787083,69.632962,14.361015,0,0,0,0,0.000000,,TOP_HOME,,65,90,65,90,,5.0
mp_wrist_rotate_cpu_20260603_222001,mp_wrist_rotate_cpu,80,1,3.267942,22.593239,0.000000,38.125412,0.034297,0.000000,4.952619,38.125412,60.752948,65.718437,15.216430,0,0,0,0,0.000000,,TOP_HOME,,65,90,65,90,,6.2
mp_wrist_rotate_cpu_20260603_222001,mp_wrist_rotate_cpu,81,1,3.334342,20.417662,0.000000,40.640787,0.035204,0.000000,4.826822,40.640787,61.093653,65.933659,15.166760,0,0,0,0,0.000000,,TOP_HOME,,65,90,65,90,,6.0
mp_wrist_rotate_cpu_20260603_222001,mp_wrist_rotate_cpu,82,1,3.398369,22.083998,0.000000,37.097688,0.034814,0.000000,4.436229,37.097688,59.216500,63.665397,15.707120,0,0,0,0,0.000000,,TOP_HOME,,65,90,65,90,,4.2
mp_wrist_rotate_cpu_20260603_222001,mp_wrist_rotate_cpu,83,1,3.465599,25.959689,0.000000,36.789502,0.034741,0.189833,3.858025,36.789502,62.973765,66.868309,14.954767,0,0,0,1,0.000000,,TOP_HOME,,65,90,65,90,OK,6.5
mp_wrist_rotate_cpu_20260603_222001,mp_wrist_rotate_cpu,84,1,3.535534,23.379481,0.000000,41.854232,0.028333,0.000000,4.216988,41.854232,65.262046,69.521240,14.384093,0,0,0,0,0.000000,,TOP_HOME,,65,90,65,90,,7.2
mp_wrist_rotate_cpu_20260603_222001,mp_wrist_rotate_cpu,85,1,3.601592,21.147793,0.000000,40.548305,0.036389,0.000000,3.923821,40.548305,61.732487,65.670678,15.227496,0,0,0,0,0.000000,,TOP_HOME,,65,90,65,90,,5.4
mp_wrist_rotate_cpu_20260603_222001,mp_wrist_rotate_cpu,86,1,3.665784,22.805073,0.000000,37.107429,0.034334,0.000000,3.871728,37.107429,59.946836,63.831508,15.666244,0,0,0,0,0.000000,,TOP_HOME,,65,90,65,90,,5.0
mp_wrist_rotate_cpu_20260603_222001,mp_wrist_rotate_cpu,87,1,3.730243,22.646851,0.000000,37.233355,0.034555,0.000000,4.010154,37.233355,59.914761,63.939027,15.639900,0,0,0,0,0.000000,,TOP_HOME,,65,90,65,90,,4.2
mp_wrist_rotate_cpu_20260603_222001,mp_wrist_rotate_cpu,88,1,3.830470,26.290338,0.000000,67.730125,0.080963,0.878835,4.795396,67.730125,94.980261,99.809676,10.019069,1,1,1,1,0.983254,368.693066,TOP_HOME,,61,90,63,90,OK,7.0
mp_wrist_rotate_cpu_20260603_222001,mp_wrist_rotate_cpu,89,1,3.872268,0.829205,0.000000,36.332724,0.071223,0.000000,4.262766,36.332724,37.233152,41.509399,24.090929,1,1,1,0,0.970091,336.227369,TOP_HOME,,59,90,63,90,,10.9
mp_wrist_rotate_cpu_20260603_222001,mp_wrist_rotate_cpu,90,1,3.925914,16.298841,0.000000,32.481792,0.073649,0.171945,4.224914,32.481792,49.026227,53.298418,18.762283,1,1,1,1,0.959107,304.621820,TOP_HOME,,58,90,61,90,OK,7.9
mp_wrist_rotate_cpu_20260603_222001,mp_wrist_rotate_cpu,91,1,3.993112,30.355715,0.000000,31.914494,0.069389,0.000000,4.305414,31.914494,62.339598,66.659698,15.001568,1,1,1,0,0.931916,281.840882,TOP_HOME,,58,90,61,90,,6.0
mp_wrist_rotate_cpu_20260603_222001,mp_wrist_rotate_cpu,92,1,4.059103,31.261512,0.000000,29.807213,0.074518,0.178944,4.260432,29.807213,61.322187,65.629196,15.237121,1,1,1,1,0.974383,269.278278,TOP_HOME,,59,90,59,90,OK,5.0
mp_wrist_rotate_cpu_20260603_222001,mp_wrist_rotate_cpu,93,1,4.127152,29.266787,0.000000,33.983739,0.064667,0.000000,4.350951,33.983739,63.315193,67.681292,14.775132,1,1,1,0,0.983627,267.213683,TOP_HOME,,60,90,59,90,,6.7
mp_wrist_rotate_cpu_20260603_222001,mp_wrist_rotate_cpu,94,1,4.190956,29.187472,0.000000,29.735269,0.072296,0.173056,4.231525,29.735269,59.168093,63.443582,15.762036,1,1,1,1,0.982992,264.697857,TOP_HOME,,61,90,61,90,OK,4.2
mp_wrist_rotate_cpu_20260603_222001,mp_wrist_rotate_cpu,95,1,4.261138,33.996517,0.000000,31.540254,0.068334,0.000000,4.208210,31.540254,65.605105,69.834110,14.319650,1,1,1,0,0.975076,260.750408,TOP_HOME,,62,90,61,90,,7.4
mp_wrist_rotate_cpu_20260603_222001,mp_wrist_rotate_cpu,96,1,4.324982,27.259561,0.000000,31.681383,0.068796,0.167945,4.186285,31.681383,59.177685,63.467193,15.756172,1,1,1,1,0.981004,257.036476,TOP_HOME,,62,90,62,90,OK,4.2
mp_wrist_rotate_cpu_20260603_222001,mp_wrist_rotate_cpu,97,1,4.392166,31.493753,0.000000,30.985179,0.062334,0.000000,4.218303,30.985179,62.541266,66.773772,14.975940,1,1,1,0,0.983395,252.284942,TOP_HOME,,63,90,62,90,,6.5
mp_wrist_rotate_cpu_20260603_222001,mp_wrist_rotate_cpu,98,1,4.459094,32.294773,0.000000,29.508732,0.073908,0.211760,4.412581,29.508732,62.089173,66.535346,15.029605,1,1,1,1,0.982491,246.925826,TOP_HOME,,64,90,64,90,OK,4.0
mp_wrist_rotate_cpu_20260603_222001,mp_wrist_rotate_cpu,99,1,4.528272,29.315843,0.000000,34.748352,0.063482,0.000000,4.575525,34.748352,64.127677,68.717090,14.552421,1,1,1,0,0.978088,242.114029,TOP_HOME,,65,90,64,90,,6.7
mp_wrist_rotate_cpu_20260603_222001,mp_wrist_rotate_cpu,100,1,4.592096,28.197582,0.000000,30.696789,0.074408,0.180222,4.215803,30.696789,59.149001,63.413674,15.769470,1,1,1,1,0.981913,238.663836,TOP_HOME,,66,90,66,90,OK,4.2
mp_wrist_rotate_cpu_20260603_222001,mp_wrist_rotate_cpu,101,1,4.662761,32.628922,0.000000,33.104237,0.063926,0.000000,4.470377,33.104237,65.797085,70.287574,14.227266,1,1,1,0,0.983203,235.974517,TOP_HOME,,67,90,66,90,,6.7
mp_wrist_rotate_cpu_20260603_222001,mp_wrist_rotate_cpu,102,1,4.723915,25.602299,0.000000,30.567715,0.068000,0.293556,4.196044,30.567715,56.531570,60.761726,16.457729,1,1,1,1,0.979763,232.689333,TOP_HOME,,68,90,68,90,OK,4.3
mp_wrist_rotate_cpu_20260603_222001,mp_wrist_rotate_cpu,103,1,4.794977,32.875626,0.000000,33.506868,0.061630,0.000000,4.245303,33.506868,66.444124,70.707649,14.142741,1,1,1,0,0.981599,227.766571,TOP_HOME,,69,90,68,90,,6.9
mp_wrist_rotate_cpu_20260603_222001,mp_wrist_rotate_cpu,104,1,4.863006,29.443787,0.000000,33.077423,0.067815,0.733594,4.308821,33.077423,63.322619,67.666718,14.778314,1,1,1,1,0.981806,220.899897,TOP_HOME,,70,90,70,90,OK,5.5
mp_wrist_rotate_cpu_20260603_222001,mp_wrist_rotate_cpu,105,1,4.928161,25.832930,0.000000,34.673832,0.062389,0.000000,4.175192,34.673832,60.569151,64.782824,15.436190,1,1,1,0,0.979134,213.866997,TOP_HOME,,71,90,70,90,,6.7
mp_wrist_rotate_cpu_20260603_222001,mp_wrist_rotate_cpu,106,1,4.993003,28.375582,0.000000,30.835826,0.070833,0.856835,4.231266,30.835826,60.139076,64.474139,15.510095,1,1,1,1,0.979281,207.095933,TOP_HOME,,73,90,72,90,OK,4.2
mp_wrist_rotate_cpu_20260603_222001,mp_wrist_rotate_cpu,107,1,5.060535,31.531994,0.000000,31.318124,0.063167,0.000000,4.226395,31.318124,62.913285,67.155162,14.890888,1,1,1,0,0.983276,200.074892,TOP_HOME,,74,90,72,90,,5.8
mp_wrist_rotate_cpu_20260603_222001,mp_wrist_rotate_cpu,108,1,5.122884,27.900951,0.000000,29.412009,0.068260,0.381686,4.155507,29.412009,57.762906,61.963413,16.138556,1,1,1,1,0.980204,192.271805,TOP_HOME,,76,90,74,90,OK,7.0
mp_wrist_rotate_cpu_20260603_222001,mp_wrist_rotate_cpu,109,1,5.193199,33.580442,0.000000,32.110514,0.063204,0.000000,4.170932,32.110514,65.754160,69.939888,14.297993,1,1,1,0,0.983306,184.029555,TOP_HOME,,77,90,74,90,,5.0
mp_wrist_rotate_cpu_20260603_222001,mp_wrist_rotate_cpu,110,1,5.260869,31.325605,0.000000,30.835271,0.067148,0.883149,4.135229,30.835271,63.111173,67.300662,14.858695,1,1,1,1,0.980011,173.332748,TOP_HOME,,79,90,76,90,OK,5.0
mp_wrist_rotate_cpu_20260603_222001,mp_wrist_rotate_cpu,111,1,5.333549,27.552414,0.000000,40.223545,0.072574,0.000000,4.414341,40.223545,67.848533,72.277318,13.835599,1,1,1,0,0.977242,159.966393,TOP_HOME,,81,90,76,90,,6.9
mp_wrist_rotate_cpu_20260603_222001,mp_wrist_rotate_cpu,112,1,5.411151,26.137356,0.000000,45.222405,0.085982,0.350611,5.368231,45.222405,71.796354,77.207511,12.952108,1,1,1,1,0.979143,145.395780,TOP_HOME,,83,90,78,90,OK,10.5
mp_wrist_rotate_cpu_20260603_222001,mp_wrist_rotate_cpu,113,1,5.473888,16.848268,0.000000,40.856195,0.070908,0.000000,4.530563,40.856195,57.775371,62.330339,16.043551,1,1,1,0,0.988797,133.034754,TOP_HOME,,86,90,78,90,,8.0
mp_wrist_rotate_cpu_20260603_222001,mp_wrist_rotate_cpu,114,1,5.526789,14.848339,0.000000,32.828922,0.070593,0.688335,4.122414,32.828922,48.436189,52.606583,19.009028,1,1,1,1,0.991164,121.570792,TOP_HOME,,88,90,80,90,OK,7.2
mp_wrist_rotate_cpu_20260603_222001,mp_wrist_rotate_cpu,115,1,5.592703,29.768732,0.000000,31.804625,0.067871,0.000000,4.003543,31.804625,61.641228,65.657586,15.230533,1,1,1,0,0.987441,115.363135,TOP_HOME,,90,90,80,90,,4.2
mp_wrist_rotate_cpu_20260603_222001,mp_wrist_rotate_cpu,116,1,5.659115,31.819199,0.000000,29.127435,0.069092,0.642279,4.216470,29.127435,61.658005,65.982475,15.155539,1,1,1,1,0.990549,105.128801,TOP_HOME,,93,90,82,90,OK,5.2
mp_wrist_rotate_cpu_20260603_222001,mp_wrist_rotate_cpu,117,1,5.724743,29.465250,0.000000,31.611698,0.062778,0.000000,4.104025,31.611698,61.139726,65.259195,15.323511,1,1,1,0,0.992327,101.054707,TOP_HOME,,95,90,82,90,,6.0
mp_wrist_rotate_cpu_20260603_222001,mp_wrist_rotate_cpu,118,1,5.792214,31.735013,0.000000,29.496399,0.068445,0.311704,5.341212,29.496399,61.611561,66.997847,14.925853,1,1,1,1,0.990103,96.185251,TOP_HOME,,97,90,84,90,OK,4.8
mp_wrist_rotate_cpu_20260603_222001,mp_wrist_rotate_cpu,119,1,5.863594,32.302144,0.000000,34.520407,0.062278,0.000000,4.067562,34.520407,66.884829,70.966149,14.091225,1,1,1,0,0.989929,86.790024,TOP_HOME,,99,90,84,90,,4.8
mp_wrist_rotate_cpu_20260603_222001,mp_wrist_rotate_cpu,120,1,5.922707,24.884614,0.000000,29.136249,0.069649,0.672260,4.031099,29.136249,54.762772,58.837815,16.995872,1,1,1,1,0.989699,80.705816,TOP_HOME,,101,90,86,90,OK,4.5
mp_wrist_rotate_cpu_20260603_222001,mp_wrist_rotate_cpu,121,1,5.992378,33.738572,0.000000,31.347160,0.063093,0.000000,4.074359,31.347160,65.148825,69.237702,14.442998,1,1,1,0,0.988903,73.217363,TOP_HOME,,102,90,86,90,,4.8
mp_wrist_rotate_cpu_20260603_222001,mp_wrist_rotate_cpu,122,1,6.058938,32.203125,0.000000,29.085360,0.068537,0.638778,4.120766,29.085360,61.995800,66.162734,15.114248,1,1,1,1,0.988821,69.006004,TOP_HOME,,103,90,88,90,OK,5.8
mp_wrist_rotate_cpu_20260603_222001,mp_wrist_rotate_cpu,123,1,6.125773,29.546213,0.000000,31.760421,0.061334,0.000000,4.934526,31.760421,61.367968,66.389160,15.062700,1,1,1,0,0.984748,69.024447,TOP_HOME,,105,90,88,90,,7.0
mp_wrist_rotate_cpu_20260603_222001,mp_wrist_rotate_cpu,124,1,6.194794,30.688956,0.000000,32.966293,0.067389,0.869371,4.078192,32.966293,64.592009,68.704738,14.555037,1,1,1,1,0.988478,70.961155,TOP_HOME,,105,90,90,90,OK,5.5
mp_wrist_rotate_cpu_20260603_222001,mp_wrist_rotate_cpu,125,1,6.263442,29.694584,0.000000,34.343443,0.060444,0.000000,4.179414,34.343443,64.098471,68.291830,14.643040,1,1,1,0,0.995462,71.434543,TOP_HOME,,106,90,90,90,,5.0
mp_wrist_rotate_cpu_20260603_222001,mp_wrist_rotate_cpu,126,1,6.324081,25.103706,0.000000,30.488474,0.066870,0.262889,4.252100,30.488474,55.921939,60.219521,16.605911,1,1,1,1,0.995591,79.632086,TOP_HOME,,107,90,92,90,OK,4.3
mp_wrist_rotate_cpu_20260603_222001,mp_wrist_rotate_cpu,127,1,6.392390,32.625996,0.000000,30.788419,0.062018,0.000000,4.210174,30.788419,63.476433,67.708033,14.769296,1,1,1,0,0.994836,85.227869,TOP_HOME,,107,90,92,90,,7.4
mp_wrist_rotate_cpu_20260603_222001,mp_wrist_rotate_cpu,128,1,6.460923,32.161977,0.000000,31.540198,0.080723,0.203926,4.115451,31.540198,63.986824,68.149090,14.673710,1,1,1,1,0.992901,95.794523,TOP_HOME,,107,90,94,90,OK,4.6
mp_wrist_rotate_cpu_20260603_222001,mp_wrist_rotate_cpu,129,1,6.523748,27.577859,0.000000,30.830549,0.060297,0.000000,4.069044,30.830549,58.468705,62.550988,15.986958,1,1,1,0,0.989233,109.459150,TOP_HOME,,107,90,94,90,,7.3
mp_wrist_rotate_cpu_20260603_222001,mp_wrist_rotate_cpu,130,1,6.592132,32.883070,0.000000,30.745271,0.069444,0.172667,4.090692,30.745271,63.870452,68.005959,14.704594,1,1,1,1,0.989509,125.008757,TOP_HOME,,106,90,96,90,OK,3.9
mp_wrist_rotate_cpu_20260603_222001,mp_wrist_rotate_cpu,131,1,6.661413,32.661330,0.000000,31.550735,0.063463,0.000000,4.502137,31.550735,64.275528,68.797831,14.535342,1,1,1,0,0.988402,140.315447,TOP_HOME,,104,90,96,90,,7.4
mp_wrist_rotate_cpu_20260603_222001,mp_wrist_rotate_cpu,132,1,6.723153,27.175562,0.000000,29.299102,0.068371,0.444130,4.326637,29.299102,56.987165,61.357004,16.298058,1,1,1,1,0.986085,155.933115,TOP_HOME,,102,90,98,90,OK,5.2
mp_wrist_rotate_cpu_20260603_222001,mp_wrist_rotate_cpu,133,1,6.792159,34.013998,0.000000,30.306159,0.060389,0.000000,4.183174,30.306159,64.380546,68.579590,14.581598,1,1,1,0,0.986381,176.567764,TOP_HOME,,100,90,98,90,,6.5
mp_wrist_rotate_cpu_20260603_222001,mp_wrist_rotate_cpu,134,1,6.859174,32.372588,0.000000,29.280435,0.069204,0.523926,4.327433,29.280435,62.246153,66.619068,15.010717,1,1,1,1,0.983550,193.516750,TOP_HOME,,97,90,97,90,OK,5.3
mp_wrist_rotate_cpu_20260603_222001,mp_wrist_rotate_cpu,135,1,6.930310,29.347416,0.000000,36.349502,0.064148,0.000000,5.051768,36.349502,65.761066,70.825834,14.119142,1,1,1,0,0.990505,206.213694,TOP_HOME,,94,90,97,90,,8.7
mp_wrist_rotate_cpu_20260603_222001,mp_wrist_rotate_cpu,136,1,6.994344,26.293486,0.000000,32.285459,0.070240,0.488872,4.493377,32.285459,59.138057,63.676193,15.704456,1,1,1,1,0.988160,218.597383,TOP_HOME,,92,90,95,90,OK,5.8
mp_wrist_rotate_cpu_20260603_222001,mp_wrist_rotate_cpu,137,1,7.062716,30.233918,0.000000,32.292588,0.060926,0.000000,5.329546,32.292588,62.587432,67.931830,14.720640,1,1,1,0,0.989043,227.990160,TOP_HOME,,89,90,95,90,,6.0
mp_wrist_rotate_cpu_20260603_222001,mp_wrist_rotate_cpu,138,1,7.124481,25.909448,0.000000,30.613400,0.069315,0.183149,4.440433,30.613400,56.775312,61.261875,16.323366,1,1,1,1,0.988989,236.732883,TOP_HOME,,86,90,93,90,OK,6.2
mp_wrist_rotate_cpu_20260603_222001,mp_wrist_rotate_cpu,139,1,7.195543,32.417144,0.000000,33.493627,0.062278,0.000000,4.605322,33.493627,65.973049,70.600815,14.164142,1,1,1,0,0.993140,243.474746,TOP_HOME,,84,90,93,90,,5.5
mp_wrist_rotate_cpu_20260603_222001,mp_wrist_rotate_cpu,140,1,7.259227,29.007712,0.000000,29.635361,0.065778,0.174686,4.434581,29.635361,58.883537,63.363304,15.782005,1,1,1,1,0.991251,249.475975,TOP_HOME,,81,90,91,90,OK,5.8
mp_wrist_rotate_cpu_20260603_222001,mp_wrist_rotate_cpu,141,1,7.327434,29.424287,0.000000,34.141257,0.062259,0.000000,4.225710,34.141257,63.627803,67.867478,14.734598,1,1,1,0,0.992249,256.125288,TOP_HOME,,79,90,91,90,,6.0
mp_wrist_rotate_cpu_20260603_222001,mp_wrist_rotate_cpu,142,1,7.391165,29.175676,0.000000,29.562806,0.068334,0.227370,4.257043,29.562806,59.034186,63.397063,15.773601,1,1,1,1,0.991251,264.603152,TOP_HOME,,77,90,89,90,OK,4.8
mp_wrist_rotate_cpu_20260603_222001,mp_wrist_rotate_cpu,143,1,7.459614,33.490219,0.000000,30.218844,0.060556,0.000000,4.316729,30.218844,63.769619,68.100959,14.684081,1,1,1,0,0.990620,271.141591,TOP_HOME,,75,90,89,90,,5.0
mp_wrist_rotate_cpu_20260603_222001,mp_wrist_rotate_cpu,144,1,7.526685,28.960213,0.000000,29.597862,0.068574,1.619818,6.281047,29.597862,60.246467,66.577179,15.020162,1,1,1,1,0.991859,276.612592,TOP_HOME,,73,90,87,90,OK,5.0
mp_wrist_rotate_cpu_20260603_222001,mp_wrist_rotate_cpu,145,1,7.592602,29.861547,0.000000,31.329956,0.062389,0.000000,4.348081,31.329956,61.253892,65.615622,15.240273,1,1,1,0,0.990632,278.839064,TOP_HOME,,71,90,87,90,,6.0
mp_wrist_rotate_cpu_20260603_222001,mp_wrist_rotate_cpu,146,1,7.661115,31.981439,0.000000,29.956936,0.067778,0.864483,5.161267,29.956936,62.870636,68.078089,14.689014,1,1,1,1,0.989161,280.410032,TOP_HOME,,69,90,85,90,OK,4.0
mp_wrist_rotate_cpu_20260603_222001,mp_wrist_rotate_cpu,147,1,7.725875,27.430951,0.000000,32.663367,0.059630,0.000000,4.218562,32.663367,60.153948,64.387417,15.530985,1,1,1,0,0.987861,279.769144,TOP_HOME,,68,90,85,90,,5.2
mp_wrist_rotate_cpu_20260603_222001,mp_wrist_rotate_cpu,148,1,7.793144,30.719160,0.000000,30.558437,0.067649,0.274056,5.154305,30.558437,61.619302,66.819180,14.965763,1,1,1,1,0.986727,278.699756,TOP_HOME,,67,90,83,90,OK,4.0
mp_wrist_rotate_cpu_20260603_222001,mp_wrist_rotate_cpu,149,1,7.863562,31.752736,0.000000,33.607702,0.062445,0.000000,4.586637,33.607702,65.422883,70.029888,14.279617,1,1,1,0,0.982791,275.117073,TOP_HOME,,66,90,83,90,,7.2
mp_wrist_rotate_cpu_20260603_222001,mp_wrist_rotate_cpu,150,1,7.923238,25.015614,0.000000,29.539103,0.069055,0.277760,4.347433,29.539103,54.901532,59.295520,16.864681,1,1,1,1,0.983182,271.972647,TOP_HOME,,66,90,81,90,OK,5.2
mp_wrist_rotate_cpu_20260603_222001,mp_wrist_rotate_cpu,151,1,7.991941,33.272830,0.000000,30.132733,0.070834,0.000000,4.599451,30.132733,63.476397,68.090681,14.686298,1,1,1,0,0.982931,264.335051,TOP_HOME,,66,90,81,90,,6.7
mp_wrist_rotate_cpu_20260603_222001,mp_wrist_rotate_cpu,152,1,8.059639,32.601329,0.000000,29.581547,0.070537,0.284667,4.663341,29.581547,62.538080,67.246366,14.870692,1,1,1,1,0.981895,257.341576,TOP_HOME,,66,90,79,90,OK,5.5
mp_wrist_rotate_cpu_20260603_222001,mp_wrist_rotate_cpu,153,1,8.124775,29.167861,0.000000,31.236030,0.099204,0.000000,4.244340,31.236030,60.503095,64.764010,15.440675,1,1,1,0,0.982477,245.746689,TOP_HOME,,66,90,79,90,,7.0
mp_wrist_rotate_cpu_20260603_222001,mp_wrist_rotate_cpu,154,1,8.191173,31.806031,0.000000,29.337732,0.081408,0.485001,4.246303,29.337732,61.710172,66.002049,15.151045,1,1,1,1,0.981478,231.279769,TOP_HOME,,67,90,77,90,OK,4.0
mp_wrist_rotate_cpu_20260603_222001,mp_wrist_rotate_cpu,155,1,8.262854,33.424071,0.000000,33.545701,0.062093,0.000000,4.224118,33.545701,67.031865,71.270743,14.031003,1,1,1,0,0.977250,214.202261,TOP_HOME,,69,90,77,90,,5.8
mp_wrist_rotate_cpu_20260603_222001,mp_wrist_rotate_cpu,156,1,8.324111,25.818004,0.000000,30.611160,0.070315,0.177797,4.241896,30.611160,56.677276,60.952596,16.406192,1,1,1,1,0.983896,200.657949,TOP_HOME,,71,90,75,90,OK,4.2
mp_wrist_rotate_cpu_20260603_222001,mp_wrist_rotate_cpu,157,1,8.394202,32.940126,0.000000,32.486255,0.060945,0.000000,4.234451,32.486255,65.487326,69.744647,14.338018,1,1,1,0,0.975646,191.138372,TOP_HOME,,73,90,75,90,,6.7
mp_wrist_rotate_cpu_20260603_222001,mp_wrist_rotate_cpu,158,1,8.459254,30.506530,0.000000,29.888343,0.066130,0.000000,4.194525,29.888343,60.461003,64.669806,15.463167,1,1,1,0,0.973758,185.342736,TOP_HOME,,75,90,75,90,,6.0
mp_wrist_rotate_cpu_20260603_222001,mp_wrist_rotate_cpu,159,1,8.524786,29.408046,0.000000,30.777142,0.068407,0.175963,4.659840,30.777142,60.429558,65.135511,15.352609,1,1,1,1,0.983782,179.187164,TOP_HOME,,77,90,77,90,OK,5.0
mp_wrist_rotate_cpu_20260603_222001,mp_wrist_rotate_cpu,160,1,8.593336,32.319921,0.000000,31.715365,0.061741,0.000000,4.111099,31.715365,64.097027,68.227626,14.656820,1,1,1,0,0.985755,176.650610,TOP_HOME,,78,90,77,90,,7.4
mp_wrist_rotate_cpu_20260603_222001,mp_wrist_rotate_cpu,161,1,8.661974,31.348586,0.000000,31.908643,0.066815,0.873650,4.126951,31.908643,64.197694,68.370256,14.626243,1,1,1,1,0.980337,177.178431,TOP_HOME,,80,90,79,90,OK,3.9
mp_wrist_rotate_cpu_20260603_222001,mp_wrist_rotate_cpu,162,1,8.724506,26.726986,0.000000,31.213068,0.061074,0.000000,4.259341,31.213068,58.001128,62.273617,16.058165,1,1,1,0,0.977469,178.474979,TOP_HOME,,81,90,79,90,,5.4
mp_wrist_rotate_cpu_20260603_222001,mp_wrist_rotate_cpu,163,1,8.795205,32.198199,0.000000,33.699794,0.068704,0.181130,4.256896,33.699794,66.147827,70.449482,14.194569,1,1,1,1,0.984522,179.516711,TOP_HOME,,82,90,81,90,OK,5.3
mp_wrist_rotate_cpu_20260603_222001,mp_wrist_rotate_cpu,164,1,8.862522,29.440362,0.000000,32.814423,0.061667,0.000000,4.551636,32.814423,62.316452,66.883920,14.951277,1,1,1,0,0.979156,180.654950,TOP_HOME,,83,90,81,90,,5.8
mp_wrist_rotate_cpu_20260603_222001,mp_wrist_rotate_cpu,165,1,8.923071,26.209004,0.000000,29.236676,0.070889,0.491704,4.227785,29.236676,56.008273,60.269224,16.592216,1,1,1,1,0.987290,182.163692,TOP_HOME,,83,90,83,90,OK,3.4
mp_wrist_rotate_cpu_20260603_222001,mp_wrist_rotate_cpu,166,1,8.991597,33.658682,0.000000,30.239066,0.061130,0.000000,4.216433,30.239066,63.958878,68.189460,14.665023,1,1,1,0,0.974583,183.629637,TOP_HOME,,83,90,83,90,,5.2
mp_wrist_rotate_cpu_20260603_222001,mp_wrist_rotate_cpu,167,1,9.060624,33.046663,0.000000,30.663030,0.067778,0.195704,4.725266,30.663030,63.973175,68.742349,14.547073,1,1,1,1,0.951186,187.704649,TOP_HOME,,84,90,84,90,OK,4.5
mp_wrist_rotate_cpu_20260603_222001,mp_wrist_rotate_cpu,168,1,9.126723,28.646730,0.000000,31.999254,0.060148,0.000000,4.936489,31.999254,60.706132,65.658400,15.230344,1,1,1,0,0.966473,193.965349,TOP_HOME,,83,90,84,90,,7.0
mp_wrist_rotate_cpu_20260603_222001,mp_wrist_rotate_cpu,169,1,9.192003,29.926585,0.000000,29.450157,0.067352,0.378908,4.943341,29.450157,59.823002,64.811603,15.429336,1,1,1,1,0.959642,202.562132,TOP_HOME,,83,90,83,90,OK,4.0
mp_wrist_rotate_cpu_20260603_222001,mp_wrist_rotate_cpu,170,1,9.269764,32.610977,0.000000,38.815987,0.084741,0.000000,5.759676,38.815987,71.511705,77.286123,12.938933,1,1,1,0,0.963570,210.197153,TOP_HOME,,82,90,83,90,,6.5
mp_wrist_rotate_cpu_20260603_222001,mp_wrist_rotate_cpu,171,1,9.325182,19.305493,0.000000,30.722363,0.069074,0.686890,4.141043,30.722363,50.783820,55.030013,18.171902,1,1,1,1,0.969305,218.897471,TOP_HOME,,81,90,81,90,OK,4.8
mp_wrist_rotate_cpu_20260603_222001,mp_wrist_rotate_cpu,172,1,9.394231,32.037661,0.000000,32.391422,0.063000,0.000000,4.134766,32.391422,64.492083,68.648460,14.566969,1,1,1,0,0.971618,223.826756,TOP_HOME,,80,90,81,90,,5.5
mp_wrist_rotate_cpu_20260603_222001,mp_wrist_rotate_cpu,173,1,9.459201,30.482641,0.000000,29.573473,0.067815,0.193908,4.200748,29.573473,60.317837,64.563620,15.488599,1,1,1,1,0.966972,228.482614,TOP_HOME,,79,90,79,90,OK,5.0
mp_wrist_rotate_cpu_20260603_222001,mp_wrist_rotate_cpu,174,1,9.524979,29.547861,0.000000,31.452735,0.062185,0.000000,4.332544,31.452735,61.062781,65.409511,15.288297,1,1,1,0,0.975404,230.363979,TOP_HOME,,78,90,79,90,,5.8
mp_wrist_rotate_cpu_20260603_222001,mp_wrist_rotate_cpu,175,1,9.595213,31.761976,0.000000,33.459775,0.067130,0.300945,4.210988,33.459775,65.589826,69.846555,14.317098,1,1,1,1,0.973826,231.393385,TOP_HOME,,78,90,78,90,OK,4.0
mp_wrist_rotate_cpu_20260603_222001,mp_wrist_rotate_cpu,176,1,9.660696,29.514843,0.000000,31.290234,0.060130,0.000000,4.228840,31.290234,60.865207,65.108158,15.359058,1,1,1,0,0.974889,230.489998,TOP_HOME,,77,90,78,90,,6.0
mp_wrist_rotate_cpu_20260603_222001,mp_wrist_rotate_cpu,177,1,9.723311,28.081748,0.000000,29.619491,0.065889,0.175482,4.238785,29.619491,57.942610,62.228932,16.069696,1,1,1,1,0.982533,229.630599,TOP_HOME,,76,90,76,90,OK,4.2
mp_wrist_rotate_cpu_20260603_222001,mp_wrist_rotate_cpu,178,1,9.792882,33.515812,0.000000,31.460087,0.066426,0.000000,4.197674,31.460087,65.042325,69.255201,14.439349,1,1,1,0,0.974984,226.623201,TOP_HOME,,76,90,76,90,,7.2
mp_wrist_rotate_cpu_20260603_222001,mp_wrist_rotate_cpu,179,1,9.862509,31.877662,0.000000,32.982126,0.069593,0.000000,4.415007,32.982126,64.929381,69.357276,14.418098,1,1,1,0,0.974574,226.369290,TOP_HOME,,76,90,76,90,,4.8
mp_wrist_rotate_cpu_20260603_222001,mp_wrist_rotate_cpu,180,1,9.922925,26.261338,0.000000,29.482825,0.071166,0.000000,4.297711,29.482825,55.815329,60.126613,16.631570,1,1,1,0,0.978869,224.403815,TOP_HOME,,76,90,76,90,,4.3
mp_wrist_rotate_cpu_20260603_222001,mp_wrist_rotate_cpu,181,1,9.993291,33.717739,0.000000,31.998755,0.065852,0.000000,4.175080,31.998755,65.782346,69.970703,14.291696,1,1,1,0,0.972804,223.489017,TOP_HOME,,76,90,76,90,,6.7
mp_wrist_rotate_cpu_20260603_222001,mp_wrist_rotate_cpu,182,1,10.059513,31.520864,0.000000,29.930603,0.065686,0.000000,4.407007,29.930603,61.517153,65.940197,15.165256,1,1,1,0,0.970853,222.915912,TOP_HOME,,76,90,76,90,,5.0
mp_wrist_rotate_cpu_20260603_222001,mp_wrist_rotate_cpu,183,1,10.123933,29.238157,0.000000,30.478585,0.066204,0.000000,4.241154,30.478585,59.782946,64.039361,15.615396,1,1,1,0,0.967035,219.932990,TOP_HOME,,76,90,76,90,,4.0
mp_wrist_rotate_cpu_20260603_222001,mp_wrist_rotate_cpu,184,1,10.193017,32.781941,0.000000,30.895289,0.067445,0.000000,4.356173,30.895289,63.744675,68.114293,14.681206,1,1,1,0,0.968601,218.802328,TOP_HOME,,76,90,76,90,,5.5
mp_wrist_rotate_cpu_20260603_222001,mp_wrist_rotate_cpu,185,1,10.260632,31.676642,0.000000,30.289344,0.066648,0.536483,4.716748,30.289344,62.569117,67.318606,14.854734,1,1,1,1,0.978265,217.621455,TOP_HOME,,76,90,76,90,OK,5.8
mp_wrist_rotate_cpu_20260603_222001,mp_wrist_rotate_cpu,186,1,10.327631,28.114489,0.000000,34.183073,0.062426,0.000000,4.268025,34.183073,62.359988,66.642587,15.005420,1,1,1,0,0.976086,217.367387,TOP_HOME,,76,90,76,90,,6.7
mp_wrist_rotate_cpu_20260603_222001,mp_wrist_rotate_cpu,187,1,10.391550,29.098972,0.000000,30.066122,0.067130,0.000000,4.281673,30.066122,59.232224,63.527767,15.741148,1,1,1,0,0.980408,215.882254,TOP_HOME,,76,90,76,90,,6.0
mp_wrist_rotate_cpu_20260603_222001,mp_wrist_rotate_cpu,188,1,10.459712,33.133997,0.000000,29.521232,0.065759,0.000000,4.977397,29.521232,62.720988,67.711255,14.768593,1,1,1,0,0.982545,215.391111,TOP_HOME,,76,90,76,90,,3.9
mp_wrist_rotate_cpu_20260603_222001,mp_wrist_rotate_cpu,189,1,10.533986,28.977675,0.000000,39.683488,0.084222,0.197630,4.826322,39.683488,68.943015,73.822228,13.546056,1,1,1,1,0.976913,213.316774,TOP_HOME,,77,90,77,90,OK,7.5
mp_wrist_rotate_cpu_20260603_222001,mp_wrist_rotate_cpu,190,1,10.606447,23.739408,0.000000,43.397884,0.070722,0.000000,4.825619,43.397884,67.208014,72.050613,13.879132,1,1,1,0,0.984834,214.255548,TOP_HOME,,77,90,77,90,,6.2
mp_wrist_rotate_cpu_20260603_222001,mp_wrist_rotate_cpu,191,1,10.670606,18.462418,0.000000,40.687953,0.077166,0.000000,4.502470,40.687953,59.227537,63.744915,15.687526,1,1,1,0,0.985183,214.181867,TOP_HOME,,77,90,77,90,,7.0
mp_wrist_rotate_cpu_20260603_222001,mp_wrist_rotate_cpu,192,1,10.730229,18.277529,0.000000,36.241817,0.075574,0.000000,4.621155,36.241817,54.594920,59.230334,16.883241,1,1,1,0,0.982955,214.180884,TOP_HOME,,77,90,77,90,,5.7
mp_wrist_rotate_cpu_20260603_222001,mp_wrist_rotate_cpu,193,1,10.798919,26.657598,0.000000,37.097781,0.076741,0.000000,4.461766,37.097781,63.832120,68.308886,14.639384,1,1,1,0,0.984914,213.760037,TOP_HOME,,77,90,77,90,,6.5
mp_wrist_rotate_cpu_20260603_222001,mp_wrist_rotate_cpu,194,1,10.859638,25.898707,0.000000,30.188455,0.065908,0.000000,4.184395,30.188455,56.153070,60.351465,16.569606,1,1,1,0,0.985127,214.558792,TOP_HOME,,77,90,77,90,,4.2
mp_wrist_rotate_cpu_20260603_222001,mp_wrist_rotate_cpu,195,1,10.923964,29.181732,0.000000,30.498029,0.066537,0.000000,4.176877,30.498029,59.746298,63.936230,15.640584,1,1,1,0,0.982043,213.310275,TOP_HOME,,77,90,77,90,,4.3
mp_wrist_rotate_cpu_20260603_222001,mp_wrist_rotate_cpu,196,1,10.990769,32.840867,0.000000,29.361417,0.065093,0.000000,4.155747,29.361417,62.267377,66.436846,15.051889,1,1,1,0,0.983057,213.025503,TOP_HOME,,77,90,77,90,,4.0
mp_wrist_rotate_cpu_20260603_222001,mp_wrist_rotate_cpu,197,1,11.061256,34.299257,0.000000,30.683826,0.083000,0.818909,4.185488,30.683826,65.884992,70.105333,14.264250,1,1,1,1,0.980555,211.221862,TOP_HOME,,78,90,78,90,OK,4.3
mp_wrist_rotate_cpu_20260603_222001,mp_wrist_rotate_cpu,198,1,11.124237,27.566802,0.000000,30.893827,0.075167,0.000000,4.121469,30.893827,58.535796,62.671896,15.956115,1,1,1,0,0.977111,211.377215,TOP_HOME,,78,90,78,90,,7.3
mp_wrist_rotate_cpu_20260603_222001,mp_wrist_rotate_cpu,199,1,11.191263,32.856960,0.000000,29.559084,0.064018,0.000000,4.159136,29.559084,62.480062,66.652661,15.003152,1,1,1,0,0.975468,210.044622,TOP_HOME,,78,90,78,90,,3.9
mp_wrist_rotate_cpu_20260603_222001,mp_wrist_rotate_cpu,200,1,11.259152,33.552182,0.000000,29.640547,0.063871,0.000000,4.228247,29.640547,63.256600,67.498829,14.815072,1,1,1,0,0.978287,210.767574,TOP_HOME,,78,90,78,90,,4.8
mp_wrist_rotate_cpu_20260603_222001,mp_wrist_rotate_cpu,201,1,11.323056,29.678602,0.000000,29.569473,0.066204,0.000000,4.177470,29.569473,59.314279,63.505563,15.746652,1,1,1,0,0.978072,210.659981,TOP_HOME,,78,90,78,90,,4.8
mp_wrist_rotate_cpu_20260603_222001,mp_wrist_rotate_cpu,202,1,11.392985,33.771516,0.000000,29.492176,0.065371,0.000000,6.178677,29.492176,63.329063,69.522443,14.383844,1,1,1,0,0.984845,212.129927,TOP_HOME,,78,90,78,90,,4.6
mp_wrist_rotate_cpu_20260603_222001,mp_wrist_rotate_cpu,203,1,11.461059,31.771754,0.000000,31.626402,0.068426,0.000000,4.268025,31.626402,63.466582,67.748459,14.760483,1,1,1,0,0.980426,212.277069,TOP_HOME,,78,90,78,90,,7.4
mp_wrist_rotate_cpu_20260603_222001,mp_wrist_rotate_cpu,204,1,11.531915,27.802136,0.000000,38.380245,0.065426,0.000000,4.216747,38.380245,66.247807,70.477815,14.188862,1,1,1,0,0.969646,209.579635,TOP_HOME,,78,90,78,90,,5.5
mp_wrist_rotate_cpu_20260603_222001,mp_wrist_rotate_cpu,205,1,11.594391,24.947743,0.000000,32.016661,0.066371,0.736446,4.190395,32.016661,57.767221,62.002802,16.128303,1,1,1,1,0.975789,210.806284,TOP_HOME,,78,90,78,90,OK,5.2
mp_wrist_rotate_cpu_20260603_222001,mp_wrist_rotate_cpu,206,1,11.662648,30.512697,0.000000,33.075256,0.060815,0.000000,4.225525,33.075256,63.648768,67.888107,14.730121,1,1,1,0,0.977242,211.062751,TOP_HOME,,78,90,78,90,,7.4
mp_wrist_rotate_cpu_20260603_222001,mp_wrist_rotate_cpu,207,1,11.725062,26.386486,0.000000,31.372402,0.066778,0.000000,4.205543,31.372402,57.825666,62.046079,16.117054,1,1,1,0,0.976289,210.726829,TOP_HOME,,78,90,78,90,,5.2
mp_wrist_rotate_cpu_20260603_222001,mp_wrist_rotate_cpu,208,1,11.792165,31.761476,0.000000,30.647253,0.066593,0.000000,4.266877,30.647253,62.475322,66.755791,14.979974,1,1,1,0,0.981962,211.176529,TOP_HOME,,78,90,78,90,,4.0
mp_wrist_rotate_cpu_20260603_222001,mp_wrist_rotate_cpu,209,1,11.858870,32.660496,0.000000,29.359620,0.065723,0.000000,4.226840,29.359620,62.085839,66.326197,15.076999,1,1,1,0,0.983886,210.313478,TOP_HOME,,78,90,78,90,,5.5
mp_wrist_rotate_cpu_20260603_222001,mp_wrist_rotate_cpu,210,1,11.923925,29.982658,0.000000,30.349659,0.065222,0.000000,4.265914,30.349659,60.397539,64.678047,15.461197,1,1,1,0,0.983899,210.365629,TOP_HOME,,78,90,78,90,,3.1
mp_wrist_rotate_cpu_20260603_222001,mp_wrist_rotate_cpu,211,1,11.993300,32.825792,0.000000,31.683125,0.067889,0.164741,4.147469,31.683125,64.741547,68.934479,14.506529,1,1,1,1,0.982898,208.315096,TOP_HOME,,79,90,79,90,OK,5.5
mp_wrist_rotate_cpu_20260603_222001,mp_wrist_rotate_cpu,212,1,12.065295,31.602310,0.000000,35.676056,0.060889,0.000000,4.261599,35.676056,67.339255,71.615021,13.963551,1,1,1,0,0.981886,209.524899,TOP_HOME,,79,90,79,90,,6.5
mp_wrist_rotate_cpu_20260603_222001,mp_wrist_rotate_cpu,213,1,12.126035,23.957186,0.000000,31.536216,0.066278,0.000000,4.874693,31.536216,55.559680,60.448781,16.542931,1,1,1,0,0.977223,209.007597,TOP_HOME,,79,90,79,90,,4.5
mp_wrist_rotate_cpu_20260603_222001,mp_wrist_rotate_cpu,214,1,12.190845,30.873549,0.000000,29.300713,0.068908,0.000000,4.206600,29.300713,60.243170,64.463306,15.512701,1,1,1,0,0.979274,211.815224,TOP_HOME,,79,90,79,90,,4.0
mp_wrist_rotate_cpu_20260603_222001,mp_wrist_rotate_cpu,215,1,12.262837,33.954572,0.000000,31.870791,0.077389,0.000000,5.730620,31.870791,65.902752,71.647668,13.957188,1,1,1,0,0.978798,211.649318,TOP_HOME,,79,90,79,90,,5.5
mp_wrist_rotate_cpu_20260603_222001,mp_wrist_rotate_cpu,216,1,12.322965,26.034134,0.000000,29.455935,0.066629,0.000000,4.195710,29.455935,55.556698,59.766853,16.731682,1,1,1,0,0.977083,211.979017,TOP_HOME,,79,90,79,90,,3.2
mp_wrist_rotate_cpu_20260603_222001,mp_wrist_rotate_cpu,217,1,12.395318,33.895923,0.000000,33.030941,0.068130,0.802260,4.183229,33.030941,67.797254,72.025595,13.883953,1,1,1,1,0.979110,211.520357,TOP_HOME,,78,90,78,90,OK,6.0
mp_wrist_rotate_cpu_20260603_222001,mp_wrist_rotate_cpu,218,1,12.462711,29.518269,0.000000,32.813589,0.061240,0.000000,4.551081,32.813589,62.393098,66.958828,14.934551,1,1,1,0,0.981005,209.861417,TOP_HOME,,79,90,78,90,,5.8
mp_wrist_rotate_cpu_20260603_222001,mp_wrist_rotate_cpu,219,1,12.529634,26.270597,0.000000,35.605130,0.067148,0.169741,4.454767,35.605130,62.112616,66.613531,15.011965,1,1,1,1,0.986996,209.587069,TOP_HOME,,79,90,79,90,OK,4.0
mp_wrist_rotate_cpu_20260603_222001,mp_wrist_rotate_cpu,220,1,12.593800,27.227135,0.000000,32.007606,0.061315,0.000000,4.483118,32.007606,59.296056,63.793804,15.675504,1,1,1,0,0.985611,209.495173,TOP_HOME,,79,90,79,90,,6.0
mp_wrist_rotate_cpu_20260603_222001,mp_wrist_rotate_cpu,221,1,12.659448,31.076124,0.000000,29.526806,0.063037,0.000000,4.518285,29.526806,60.665967,65.198177,15.337852,1,1,1,0,0.987150,208.491292,TOP_HOME,,79,90,79,90,,4.0
mp_wrist_rotate_cpu_20260603_222001,mp_wrist_rotate_cpu,222,1,12.723443,29.416380,0.000000,29.539065,0.064907,0.000000,4.514082,29.539065,59.020352,63.548601,15.735988,1,1,1,0,0.985069,209.695325,TOP_HOME,,79,90,79,90,,6.0
mp_wrist_rotate_cpu_20260603_222001,mp_wrist_rotate_cpu,223,1,12.792136,33.394423,0.000000,30.178307,0.066389,0.000000,4.561415,30.178307,63.639119,68.214645,14.659609,1,1,1,0,0.987519,209.667130,TOP_HOME,,79,90,79,90,,3.7
mp_wrist_rotate_cpu_20260603_222001,mp_wrist_rotate_cpu,224,1,12.858943,32.720570,0.000000,29.296953,0.066037,0.000000,4.349377,29.296953,62.083560,66.449660,15.048986,1,1,1,0,0.987074,208.509731,TOP_HOME,,79,90,79,90,,5.0
mp_wrist_rotate_cpu_20260603_222001,mp_wrist_rotate_cpu,225,1,12.926261,29.913992,0.000000,32.762866,0.065500,0.000000,4.219302,32.762866,62.742358,66.976531,14.930603,1,1,1,0,0.986951,206.010089,TOP_HOME,,79,90,79,90,,3.9
mp_wrist_rotate_cpu_20260603_222001,mp_wrist_rotate_cpu,226,1,12.995518,30.612252,0.000000,33.943128,0.066445,0.000000,4.240248,33.943128,64.621825,68.876997,14.518635,1,1,1,0,0.986902,205.859084,TOP_HOME,,79,90,79,90,,6.7
mp_wrist_rotate_cpu_20260603_222001,mp_wrist_rotate_cpu,227,1,13.060399,29.335102,0.000000,30.436196,0.066482,0.434537,4.197932,30.436196,60.272317,64.515750,15.500091,1,1,1,1,0.987899,206.389003,TOP_HOME,,79,90,79,90,OK,5.0
mp_wrist_rotate_cpu_20260603_222001,mp_wrist_rotate_cpu,228,1,13.130446,28.541878,0.000000,36.881317,0.061334,0.000000,4.265247,36.881317,65.484529,69.764999,14.333835,1,1,1,0,0.985924,206.426401,TOP_HOME,,79,90,79,90,,6.0
mp_wrist_rotate_cpu_20260603_222001,mp_wrist_rotate_cpu,229,1,13.192272,26.516486,0.000000,30.659511,0.065889,0.000000,4.224062,30.659511,57.241886,61.480078,16.265432,1,1,1,0,0.985980,206.739655,TOP_HOME,,79,90,79,90,,4.2
mp_wrist_rotate_cpu_20260603_222001,mp_wrist_rotate_cpu,230,1,13.259077,32.585644,0.000000,29.527121,0.064185,0.000000,4.261692,29.527121,62.176950,66.455142,15.047745,1,1,1,0,0.986942,207.441568,TOP_HOME,,79,90,79,90,,4.8
mp_wrist_rotate_cpu_20260603_222001,mp_wrist_rotate_cpu,231,1,13.322954,29.841232,0.000000,29.382435,0.067352,0.000000,4.202155,29.382435,59.291019,63.506655,15.746381,1,1,1,0,0.985346,207.767053,TOP_HOME,,79,90,79,90,,6.0
mp_wrist_rotate_cpu_20260603_222001,mp_wrist_rotate_cpu,232,1,13.391689,33.908443,0.000000,29.948918,0.065500,0.000000,4.413137,29.948918,63.922861,68.350200,14.630535,1,1,1,0,0.982383,208.303599,TOP_HOME,,79,90,79,90,,3.7
mp_wrist_rotate_cpu_20260603_222001,mp_wrist_rotate_cpu,233,1,13.460814,33.164719,0.000000,31.301105,0.067389,0.000000,4.202581,31.301105,64.533213,68.749702,14.545518,1,1,1,0,0.984540,208.183370,TOP_HOME,,79,90,79,90,,4.8
mp_wrist_rotate_cpu_20260603_222001,mp_wrist_rotate_cpu,234,1,13.522923,28.058414,0.000000,29.368713,0.064703,0.000000,4.230766,29.368713,57.491830,61.735949,16.198018,1,1,1,0,0.985166,208.125281,TOP_HOME,,79,90,79,90,,5.0
mp_wrist_rotate_cpu_20260603_222001,mp_wrist_rotate_cpu,235,1,13.595474,33.970812,0.000000,33.533998,0.067407,0.312297,4.252599,33.533998,67.884514,72.170780,13.856023,1,1,1,1,0.985267,208.175573,TOP_HOME,,79,90,79,90,OK,4.6
mp_wrist_rotate_cpu_20260603_222001,mp_wrist_rotate_cpu,236,1,13.664547,29.378972,0.000000,34.947944,0.061982,0.000000,4.296600,34.947944,64.388898,68.700664,14.555900,1,1,1,0,0.983535,207.479486,TOP_HOME,,79,90,79,90,,4.8
mp_wrist_rotate_cpu_20260603_222001,mp_wrist_rotate_cpu,237,1,13.723773,24.402371,0.000000,30.141400,0.065241,0.000000,4.209970,30.141400,54.609012,58.833149,16.997220,1,1,1,0,0.982983,208.022661,TOP_HOME,,79,90,79,90,,5.7
mp_wrist_rotate_cpu_20260603_222001,mp_wrist_rotate_cpu,238,1,13.791367,33.066423,0.000000,29.824677,0.064723,0.000000,4.230322,29.824677,62.955823,67.200514,14.880839,1,1,1,0,0.983877,208.676577,TOP_HOME,,79,90,79,90,,4.6
mp_wrist_rotate_cpu_20260603_222001,mp_wrist_rotate_cpu,239,1,13.860908,33.514386,0.000000,31.239216,0.066074,0.000000,4.425470,31.239216,64.819676,69.264239,14.437465,1,1,1,0,0.981818,209.032073,TOP_HOME,,79,90,79,90,,5.5
mp_wrist_rotate_cpu_20260603_222001,mp_wrist_rotate_cpu,240,1,13.923281,28.036211,0.000000,29.533750,0.064908,0.000000,4.412877,29.533750,57.634869,62.061560,16.113034,1,1,1,0,0.981114,209.076419,TOP_HOME,,79,90,79,90,,5.0
mp_wrist_rotate_cpu_20260603_222001,mp_wrist_rotate_cpu,241,1,13.992906,33.639109,0.000000,31.226882,0.065445,0.000000,4.365729,31.226882,64.931436,69.311887,14.427540,1,1,1,0,0.982218,208.515005,TOP_HOME,,79,90,79,90,,4.8
mp_wrist_rotate_cpu_20260603_222001,mp_wrist_rotate_cpu,242,1,14.059484,32.014069,0.000000,29.694417,0.064018,0.000000,4.366507,29.694417,61.772504,66.153586,15.116339,1,1,1,0,0.984173,207.048616,TOP_HOME,,79,90,79,90,,3.9
mp_wrist_rotate_cpu_20260603_222001,mp_wrist_rotate_cpu,243,1,14.129675,29.589325,0.000000,35.711631,0.067760,0.171907,4.235729,35.711631,65.540623,69.811017,14.324387,1,1,1,1,0.984353,206.457119,TOP_HOME,,79,90,79,90,OK,5.5
mp_wrist_rotate_cpu_20260603_222001,mp_wrist_rotate_cpu,244,1,14.195685,27.275043,0.000000,34.108554,0.063001,0.000000,4.263063,34.108554,61.446598,65.722696,15.215444,1,1,1,0,0.986156,205.564485,TOP_HOME,,79,90,79,90,,5.2
mp_wrist_rotate_cpu_20260603_222001,mp_wrist_rotate_cpu,245,1,14.263336,29.348509,0.000000,33.650275,0.068704,0.000000,4.224025,33.650275,63.067488,67.305495,14.857628,1,1,1,0,0.986328,204.123425,TOP_HOME,,79,90,79,90,,5.8
mp_wrist_rotate_cpu_20260603_222001,mp_wrist_rotate_cpu,246,1,14.323534,25.618411,0.000000,29.398732,0.068778,0.426889,4.268025,29.398732,55.512810,59.816483,16.717800,1,1,1,1,0.983322,202.223377,TOP_HOME,,80,90,80,90,OK,5.2
mp_wrist_rotate_cpu_20260603_222001,mp_wrist_rotate_cpu,247,1,14.396462,33.400256,0.000000,31.742142,0.065185,0.000000,6.975493,31.742142,65.207583,72.198280,13.850745,1,1,1,0,0.978923,200.394831,TOP_HOME,,80,90,80,90,,6.9
mp_wrist_rotate_cpu_20260603_222001,mp_wrist_rotate_cpu,248,1,14.455262,24.598132,0.000000,29.550269,0.065481,0.000000,4.225081,29.550269,54.213882,58.453296,17.107675,1,1,1,0,0.957199,200.664983,TOP_HOME,,80,90,80,90,,5.4
mp_wrist_rotate_cpu_20260603_222001,mp_wrist_rotate_cpu,249,1,14.530179,37.042651,0.000000,33.027811,0.074296,0.000000,4.482230,33.027811,70.144758,74.641580,13.397358,1,1,1,0,0.961104,201.747055,TOP_HOME,,80,90,80,90,,5.5
mp_wrist_rotate_cpu_20260603_222001,mp_wrist_rotate_cpu,250,1,14.592550,26.868357,0.000000,30.864493,0.058649,0.000000,4.156006,30.864493,57.791499,61.960672,16.139270,1,1,1,0,0.966698,200.586700,TOP_HOME,,80,90,80,90,,5.2
mp_wrist_rotate_cpu_20260603_222001,mp_wrist_rotate_cpu,251,1,14.656334,28.514305,0.000000,30.577789,0.067630,0.000000,4.231544,30.577789,59.159724,63.406470,15.771261,1,1,1,0,0.971454,202.341475,TOP_HOME,,80,90,80,90,,3.2
mp_wrist_rotate_cpu_20260603_222001,mp_wrist_rotate_cpu,252,1,14.723654,32.695663,0.000000,29.950270,0.065315,0.000000,4.224562,29.950270,62.711248,66.950439,14.936422,1,1,1,0,0.976807,202.912889,TOP_HOME,,80,90,80,90,,5.5
mp_wrist_rotate_cpu_20260603_222001,mp_wrist_rotate_cpu,253,1,14.791531,33.371812,0.000000,29.723380,0.069093,0.000000,4.331748,29.723380,63.164285,67.509514,14.812727,1,1,1,0,0.976018,204.752364,TOP_HOME,,80,90,80,90,,4.0
mp_wrist_rotate_cpu_20260603_222001,mp_wrist_rotate_cpu,254,1,14.858528,29.561102,0.000000,32.018773,0.064834,0.723872,4.221063,32.018773,62.368581,66.634791,15.007175,1,1,1,1,0.969283,205.431213,TOP_HOME,,80,90,80,90,OK,6.2
mp_wrist_rotate_cpu_20260603_222001,mp_wrist_rotate_cpu,255,1,14.924956,30.462697,0.000000,31.328549,0.063408,0.000000,4.183895,31.328549,61.854654,66.055345,15.138820,1,1,1,0,0.973816,204.120126,TOP_HOME,,80,90,80,90,,6.0
mp_wrist_rotate_cpu_20260603_222001,mp_wrist_rotate_cpu,256,1,14.993148,32.030569,0.000000,31.312494,0.066130,0.000000,4.375932,31.312494,63.409193,67.798589,14.749569,1,1,1,0,0.984059,203.435211,TOP_HOME,,80,90,80,90,,4.8
mp_wrist_rotate_cpu_20260603_222001,mp_wrist_rotate_cpu,257,1,15.058967,27.840563,0.000000,33.315052,0.066408,0.000000,4.207044,33.315052,61.222023,65.443826,15.280280,1,1,1,0,0.982853,201.528878,TOP_HOME,,80,90,80,90,,6.5
mp_wrist_rotate_cpu_20260603_222001,mp_wrist_rotate_cpu,258,1,15.124553,30.003381,0.000000,30.414103,0.068371,0.434464,4.266581,30.414103,60.920319,65.223214,15.331964,1,1,1,1,0.981651,198.875256,TOP_HOME,,81,90,81,90,OK,3.1
mp_wrist_rotate_cpu_20260603_222001,mp_wrist_rotate_cpu,259,1,15.192489,32.819829,0.000000,30.446103,0.062149,0.000000,4.194766,30.446103,63.328081,67.545514,14.804832,1,1,1,0,0.978840,197.741666,TOP_HOME,,81,90,81,90,,5.8
mp_wrist_rotate_cpu_20260603_222001,mp_wrist_rotate_cpu,260,1,15.255732,28.561471,0.000000,29.997937,0.065704,0.000000,4.228673,29.997937,58.625112,62.867544,15.906459,1,1,1,0,0.980422,197.759018,TOP_HOME,,81,90,81,90,,5.2
mp_wrist_rotate_cpu_20260603_222001,mp_wrist_rotate_cpu,261,1,15.324312,33.313460,0.000000,30.649826,0.065315,0.000000,4.157710,30.649826,64.028601,68.199849,14.662789,1,1,1,0,0.979715,206.460814,TOP_HOME,,81,90,81,90,,3.9
mp_wrist_rotate_cpu_20260603_222001,mp_wrist_rotate_cpu,262,1,15.391674,32.745515,0.000000,29.757010,0.068778,0.187723,4.177377,29.757010,62.759026,66.971847,14.931647,1,1,1,1,0.984466,237.564487,TOP_HOME,,79,90,79,90,OK,5.5
mp_wrist_rotate_cpu_20260603_222001,mp_wrist_rotate_cpu,263,1,15.457584,29.554621,0.000000,31.133623,0.030407,0.000000,4.707081,31.133623,60.718651,65.439826,15.281214,0,0,0,0,0.000000,,TOP_HOME,,79,90,79,90,,6.0
mp_wrist_rotate_cpu_20260603_222001,mp_wrist_rotate_cpu,264,1,15.531535,31.447179,0.000000,38.101672,0.034574,0.000000,3.939377,38.101672,69.583425,73.536246,13.598736,0,0,0,0,0.000000,,TOP_HOME,,79,90,79,90,,5.2
mp_wrist_rotate_cpu_20260603_222001,mp_wrist_rotate_cpu,265,1,15.600539,25.491151,0.000000,39.203432,0.034815,0.000000,3.863413,39.203432,64.729398,68.606849,14.575804,0,0,0,0,0.000000,,TOP_HOME,,79,90,79,90,,4.6
mp_wrist_rotate_cpu_20260603_222001,mp_wrist_rotate_cpu,266,1,15.663369,20.649255,0.000000,37.826300,0.034037,0.000000,3.919210,37.826300,58.509592,62.443469,16.014485,0,0,0,0,0.000000,,TOP_HOME,,79,90,79,90,,6.2
mp_wrist_rotate_cpu_20260603_222001,mp_wrist_rotate_cpu,267,1,15.731468,25.640763,0.000000,38.120153,0.033222,0.000000,3.911895,38.120153,63.794138,67.719959,14.766695,0,0,0,0,0.000000,,TOP_HOME,,79,90,79,90,,4.8
mp_wrist_rotate_cpu_20260603_222001,mp_wrist_rotate_cpu,268,1,15.799348,25.593670,0.000000,37.050743,0.034537,0.000000,4.717730,37.050743,62.678950,67.410828,14.834412,0,0,0,0,0.000000,,TOP_HOME,,79,90,79,90,,4.8
mp_wrist_rotate_cpu_20260603_222001,mp_wrist_rotate_cpu,269,1,15.876742,21.921961,0.000000,50.378635,0.046667,0.306890,4.218062,50.378635,72.654153,76.917677,13.000913,0,0,0,1,0.000000,,TOP_HOME,,65,90,77,90,OK,5.8
mp_wrist_rotate_cpu_20260603_222001,mp_wrist_rotate_cpu,270,1,15.937605,12.518353,0.000000,43.335439,0.031611,0.000000,4.676211,43.335439,55.885403,60.576022,16.508182,0,0,0,0,0.000000,,TOP_HOME,,65,90,77,90,,9.8
mp_wrist_rotate_cpu_20260603_222001,mp_wrist_rotate_cpu,271,1,16.001243,19.494920,0.000000,39.267858,0.038334,0.505945,3.891118,39.267858,59.307057,63.233007,15.814525,0,0,0,1,0.000000,,TOP_HOME,,65,90,75,90,OK,6.0
mp_wrist_rotate_cpu_20260603_222001,mp_wrist_rotate_cpu,272,1,16.068175,19.831346,0.000000,42.362938,0.029649,0.000000,4.320525,42.362938,62.223933,66.559253,15.024207,0,0,0,0,0.000000,,TOP_HOME,,65,90,75,90,,11.0
mp_wrist_rotate_cpu_20260603_222001,mp_wrist_rotate_cpu,273,1,16.137265,20.837774,0.000000,43.185457,0.037518,0.731131,3.797562,43.185457,64.791880,68.647775,14.567115,0,0,0,1,0.000000,,TOP_HOME,,65,90,73,90,OK,6.2
mp_wrist_rotate_cpu_20260603_222001,mp_wrist_rotate_cpu,274,1,16.207698,21.635478,0.000000,43.618624,0.031722,0.000000,4.849564,43.618624,65.285824,70.150647,14.255036,0,0,0,0,0.000000,,TOP_HOME,,65,90,73,90,,7.7
mp_wrist_rotate_cpu_20260603_222001,mp_wrist_rotate_cpu,275,1,16.266658,13.605374,0.000000,40.256712,0.037334,0.379149,4.284544,40.256712,54.278569,58.609408,17.062107,0,0,0,1,0.000000,,TOP_HOME,,65,90,71,90,OK,7.2
mp_wrist_rotate_cpu_20260603_222001,mp_wrist_rotate_cpu,276,1,16.336628,24.539928,0.000000,41.075861,0.029648,0.000000,3.905432,41.075861,65.645437,69.586980,14.370504,0,0,0,0,0.000000,,TOP_HOME,,65,90,71,90,,6.5
mp_wrist_rotate_cpu_20260603_222001,mp_wrist_rotate_cpu,277,1,16.400346,20.583717,0.000000,37.802356,0.038703,0.908649,3.965395,37.802356,59.333425,63.346822,15.786112,0,0,0,1,0.000000,,TOP_HOME,,65,90,69,90,OK,6.7
mp_wrist_rotate_cpu_20260603_222001,mp_wrist_rotate_cpu,278,1,16.466478,20.744329,0.000000,41.001176,0.029186,0.000000,3.941636,41.001176,61.774691,65.730974,15.213528,0,0,0,0,0.000000,,TOP_HOME,,65,90,69,90,,6.7
mp_wrist_rotate_cpu_20260603_222001,mp_wrist_rotate_cpu,279,1,16.538602,23.096740,0.000000,42.893420,0.038000,0.509649,4.572100,42.893420,66.537809,71.240464,14.036966,0,0,0,1,0.000000,,TOP_HOME,,65,90,67,90,OK,4.8
mp_wrist_rotate_cpu_20260603_222001,mp_wrist_rotate_cpu,280,1,16.603732,18.502344,0.000000,42.302141,0.029444,0.000000,3.898914,42.302141,60.833929,64.747157,15.444694,0,0,0,0,0.000000,,TOP_HOME,,65,90,67,90,,7.7
mp_wrist_rotate_cpu_20260603_222001,mp_wrist_rotate_cpu,281,1,16.665322,17.402398,0.000000,39.708341,0.037889,0.185315,3.821265,39.708341,57.333943,61.200523,16.339730,0,0,0,1,0.000000,,TOP_HOME,,65,90,65,90,OK,7.6
mp_wrist_rotate_cpu_20260603_222001,mp_wrist_rotate_cpu,282,1,16.733008,24.341371,0.000000,38.557542,0.029426,0.000000,4.251044,38.557542,62.928339,67.203680,14.880138,0,0,0,0,0.000000,,TOP_HOME,,65,90,65,90,,5.8
mp_wrist_rotate_cpu_20260603_222001,mp_wrist_rotate_cpu,283,1,16.799562,24.155908,0.000000,37.892985,0.035889,0.000000,4.116673,37.892985,62.084782,66.216253,15.102032,0,0,0,0,0.000000,,TOP_HOME,,65,90,65,90,,5.0
mp_wrist_rotate_cpu_20260603_222001,mp_wrist_rotate_cpu,284,1,16.863843,21.635497,0.000000,38.264116,0.035018,0.000000,4.007488,38.264116,59.934631,63.958323,15.635182,0,0,0,0,0.000000,,TOP_HOME,,65,90,65,90,,6.7
mp_wrist_rotate_cpu_20260603_222001,mp_wrist_rotate_cpu,285,1,16.930385,25.266892,0.000000,36.952780,0.035296,0.000000,3.902210,36.952780,62.254968,66.170734,15.112421,0,0,0,0,0.000000,,TOP_HOME,,65,90,65,90,,4.0
mp_wrist_rotate_cpu_20260603_222001,mp_wrist_rotate_cpu,286,1,16.998823,26.578190,0.000000,37.201966,0.034907,0.000000,4.167433,37.201966,63.815063,67.997589,14.706404,0,0,0,0,0.000000,,TOP_HOME,,65,90,65,90,,6.7
mp_wrist_rotate_cpu_20260603_222001,mp_wrist_rotate_cpu,287,1,17.065203,22.301462,0.000000,39.420525,0.035130,0.000000,4.203266,39.420525,61.757117,65.974753,15.157313,0,0,0,0,0.000000,,TOP_HOME,,65,90,65,90,,5.0
mp_wrist_rotate_cpu_20260603_222001,mp_wrist_rotate_cpu,288,1,17.131711,23.943037,0.000000,37.493337,0.034518,0.000000,4.575692,37.493337,61.470892,66.060531,15.137632,0,0,0,0,0.000000,,TOP_HOME,,65,90,65,90,,5.5
mp_wrist_rotate_cpu_20260603_222001,mp_wrist_rotate_cpu,289,1,17.199516,25.401874,0.000000,37.150688,0.034445,0.704057,4.170266,37.150688,63.291064,67.508865,14.812869,0,0,0,1,0.000000,,TOP_HOME,,65,90,65,90,OK,5.8
mp_wrist_rotate_cpu_20260603_222001,mp_wrist_rotate_cpu,290,1,17.274970,22.174997,0.000000,48.435243,0.028112,0.000000,4.343359,48.435243,70.638352,75.020600,13.329672,0,0,0,0,0.000000,,TOP_HOME,,65,90,65,90,,6.5
mp_wrist_rotate_cpu_20260603_222001,mp_wrist_rotate_cpu,291,1,17.331646,14.090263,0.000000,38.200190,0.035666,0.000000,3.966654,38.200190,52.326119,56.304478,17.760577,0,0,0,0,0.000000,,TOP_HOME,,65,90,65,90,,6.5
mp_wrist_rotate_cpu_20260603_222001,mp_wrist_rotate_cpu,292,1,17.402934,25.504318,0.000000,41.143102,0.034222,0.000000,4.199339,41.143102,66.681642,70.895353,14.105297,0,0,0,0,0.000000,,TOP_HOME,,65,90,65,90,,5.8
mp_wrist_rotate_cpu_20260603_222001,mp_wrist_rotate_cpu,293,1,17.464001,18.161733,0.000000,37.339948,0.033315,0.000000,5.001119,37.339948,55.534996,60.550317,16.515190,0,0,0,0,0.000000,,TOP_HOME,,65,90,65,90,,5.2
mp_wrist_rotate_cpu_20260603_222001,mp_wrist_rotate_cpu,294,1,17.532479,25.170318,0.000000,39.025247,0.034797,0.000000,3.868951,39.025247,64.230362,68.113293,14.681422,0,0,0,0,0.000000,,TOP_HOME,,65,90,65,90,,5.8
mp_wrist_rotate_cpu_20260603_222001,mp_wrist_rotate_cpu,295,1,17.600786,24.745558,0.000000,38.841303,0.039704,0.000000,4.184544,38.841303,63.626565,67.827681,14.743243,0,0,0,0,0.000000,,TOP_HOME,,65,90,65,90,,7.7
mp_wrist_rotate_cpu_20260603_222001,mp_wrist_rotate_cpu,296,1,17.667359,20.292643,0.000000,41.753992,0.033926,0.000000,4.043784,41.753992,62.080561,66.138530,15.119780,0,0,0,0,0.000000,,TOP_HOME,,65,90,65,90,,8.3
mp_wrist_rotate_cpu_20260603_222001,mp_wrist_rotate_cpu,297,1,17.732316,21.813905,0.000000,38.387986,0.035259,0.446834,3.866728,38.387986,60.683984,64.586658,15.483074,0,0,0,1,0.000000,,TOP_HOME,,65,90,65,90,OK,5.0
mp_wrist_rotate_cpu_20260603_222001,mp_wrist_rotate_cpu,298,1,17.801769,24.973169,0.000000,39.951878,0.028685,0.000000,4.110433,39.951878,64.953732,69.080442,14.475877,0,0,0,0,0.000000,,TOP_HOME,,65,90,65,90,,6.7
mp_wrist_rotate_cpu_20260603_222001,mp_wrist_rotate_cpu,299,1,17.864108,19.570309,0.000000,38.175079,0.035259,0.000000,4.257340,38.175079,57.780647,62.051191,16.115726,0,0,0,0,0.000000,,TOP_HOME,,65,90,65,90,,6.2
mp_wrist_rotate_cpu_20260603_222001,mp_wrist_rotate_cpu,300,1,17.930318,25.057724,0.000000,36.858984,0.035518,0.000000,3.886598,36.858984,61.952226,65.852918,15.185356,0,0,0,0,0.000000,,TOP_HOME,,65,90,65,90,,5.0
mp_wrist_rotate_cpu_20260603_222001,mp_wrist_rotate_cpu,301,1,18.000360,26.717450,0.000000,38.381838,0.034889,0.000000,4.316415,38.381838,65.134177,69.465462,14.395643,0,0,0,0,0.000000,,TOP_HOME,,65,90,65,90,,5.3
mp_wrist_rotate_cpu_20260603_222001,mp_wrist_rotate_cpu,302,1,18.066676,20.865773,0.000000,41.080787,0.035908,0.000000,3.933507,41.080787,61.982468,65.929308,15.167761,0,0,0,0,0.000000,,TOP_HOME,,65,90,65,90,,5.0
mp_wrist_rotate_cpu_20260603_222001,mp_wrist_rotate_cpu,303,1,18.131185,22.489721,0.000000,37.239077,0.035352,0.000000,4.278488,37.239077,59.764150,64.056805,15.611144,0,0,0,0,0.000000,,TOP_HOME,,65,90,65,90,,6.0
mp_wrist_rotate_cpu_20260603_222001,mp_wrist_rotate_cpu,304,1,18.202010,26.031874,0.000000,40.257600,0.034519,0.000000,4.197710,40.257600,66.323993,70.535963,14.177165,0,0,0,0,0.000000,,TOP_HOME,,65,90,65,90,,4.6
mp_wrist_rotate_cpu_20260603_222001,mp_wrist_rotate_cpu,305,1,18.266344,19.515179,0.000000,39.740155,0.033371,0.798612,3.870469,39.740155,60.087317,63.994046,15.626454,0,0,0,1,0.000000,,TOP_HOME,,65,90,65,90,OK,6.0
mp_wrist_rotate_cpu_20260603_222001,mp_wrist_rotate_cpu,306,1,18.338001,25.391688,0.000000,41.878269,0.029778,0.000000,3.967839,41.878269,67.299735,71.292835,14.026655,0,0,0,0,0.000000,,TOP_HOME,,65,90,65,90,,8.6
mp_wrist_rotate_cpu_20260603_222001,mp_wrist_rotate_cpu,307,1,18.402988,19.251382,0.000000,41.384844,0.035574,0.000000,3.932562,41.384844,60.671800,64.618509,15.475442,0,0,0,0,0.000000,,TOP_HOME,,65,90,65,90,,5.0
mp_wrist_rotate_cpu_20260603_222001,mp_wrist_rotate_cpu,308,1,18.464747,18.215937,0.000000,39.224135,0.035019,0.000000,3.885654,39.224135,57.475091,61.374116,16.293514,0,0,0,0,0.000000,,TOP_HOME,,65,90,65,90,,5.7
mp_wrist_rotate_cpu_20260603_222001,mp_wrist_rotate_cpu,309,1,18.531415,24.440020,0.000000,37.848319,0.034445,0.000000,3.956673,37.848319,62.322784,66.291901,15.084799,0,0,0,0,0.000000,,TOP_HOME,,65,90,65,90,,6.2
mp_wrist_rotate_cpu_20260603_222001,mp_wrist_rotate_cpu,310,1,18.602379,25.825115,0.000000,40.792546,0.034704,0.000000,3.932303,40.792546,66.652365,70.598370,14.164633,0,0,0,0,0.000000,,TOP_HOME,,65,90,65,90,,4.8
mp_wrist_rotate_cpu_20260603_222001,mp_wrist_rotate_cpu,311,1,18.664001,18.847955,0.000000,38.304653,0.035055,0.000000,4.028914,38.304653,57.187663,61.229707,16.331942,0,0,0,0,0.000000,,TOP_HOME,,65,90,65,90,,5.2
mp_wrist_rotate_cpu_20260603_222001,mp_wrist_rotate_cpu,312,1,18.732701,25.186632,0.000000,39.188821,0.034500,0.000000,3.914024,39.188821,64.409953,68.337423,14.633271,0,0,0,0,0.000000,,TOP_HOME,,65,90,65,90,,5.8
mp_wrist_rotate_cpu_20260603_222001,mp_wrist_rotate_cpu,313,1,18.798502,24.514446,0.000000,36.751428,0.036000,0.179890,3.901154,36.751428,61.481764,65.419048,15.286068,0,0,0,1,0.000000,,TOP_HOME,,65,90,65,90,OK,5.0
mp_wrist_rotate_cpu_20260603_222001,mp_wrist_rotate_cpu,314,1,18.869477,23.205129,0.000000,40.286416,0.032759,0.000000,7.031622,40.286416,63.524304,70.570241,14.170279,0,0,0,0,0.000000,,TOP_HOME,,65,90,65,90,,8.0
mp_wrist_rotate_cpu_20260603_222001,mp_wrist_rotate_cpu,315,1,18.931137,19.858327,0.000000,37.485356,0.035334,0.000000,3.908747,37.485356,57.379017,61.301708,16.312759,0,0,0,0,0.000000,,TOP_HOME,,65,90,65,90,,6.2
mp_wrist_rotate_cpu_20260603_222001,mp_wrist_rotate_cpu,316,1,18.998364,26.082652,0.000000,36.797688,0.034463,0.000000,3.937043,36.797688,62.914803,66.865957,14.955293,0,0,0,0,0.000000,,TOP_HOME,,65,90,65,90,,4.8
mp_wrist_rotate_cpu_20260603_222001,mp_wrist_rotate_cpu,317,1,19.064737,22.978703,0.000000,39.129117,0.036148,0.000000,3.877580,39.129117,62.143968,66.035067,15.143469,0,0,0,0,0.000000,,TOP_HOME,,65,90,65,90,,5.0
mp_wrist_rotate_cpu_20260603_222001,mp_wrist_rotate_cpu,318,1,19.131919,24.514538,0.000000,38.342857,0.034593,0.000000,3.865451,38.342857,62.891988,66.771401,14.976472,0,0,0,0,0.000000,,TOP_HOME,,65,90,65,90,,7.7
mp_wrist_rotate_cpu_20260603_222001,mp_wrist_rotate_cpu,319,1,19.200059,25.777318,0.000000,37.992319,0.034426,0.000000,3.886469,37.992319,63.804063,67.716478,14.767454,0,0,0,0,0.000000,,TOP_HOME,,65,90,65,90,,6.2
mp_wrist_rotate_cpu_20260603_222001,mp_wrist_rotate_cpu,320,1,19.267683,21.233126,0.000000,42.111085,0.035612,0.000000,3.957636,42.111085,63.379823,67.351014,14.847586,0,0,0,0,0.000000,,TOP_HOME,,65,90,65,90,,6.7
mp_wrist_rotate_cpu_20260603_222001,mp_wrist_rotate_cpu,321,1,19.332491,21.537200,0.000000,38.447376,0.034722,0.453519,3.942154,38.447376,60.472817,64.460621,15.513347,0,0,0,1,0.000000,,TOP_HOME,,65,90,65,90,OK,5.2
mp_wrist_rotate_cpu_20260603_222001,mp_wrist_rotate_cpu,322,1,19.401655,25.328762,0.000000,38.471838,0.029056,0.000000,4.872859,38.471838,63.829656,68.716997,14.552440,0,0,0,0,0.000000,,TOP_HOME,,65,90,65,90,,5.8
mp_wrist_rotate_cpu_20260603_222001,mp_wrist_rotate_cpu,323,1,19.467688,19.918291,0.000000,41.731991,0.034722,0.000000,3.951136,41.731991,61.685004,65.649677,15.232367,0,0,0,0,0.000000,,TOP_HOME,,65,90,65,90,,6.7
mp_wrist_rotate_cpu_20260603_222001,mp_wrist_rotate_cpu,324,1,19.530412,21.592238,0.000000,36.825058,0.035130,0.000000,3.891154,36.825058,58.452426,62.356006,16.036948,0,0,0,0,0.000000,,TOP_HOME,,65,90,65,90,,5.2
mp_wrist_rotate_cpu_20260603_222001,mp_wrist_rotate_cpu,325,1,19.600305,26.882394,0.000000,38.753228,0.035777,0.000000,3.846413,38.753228,65.671399,69.530850,14.382105,0,0,0,0,0.000000,,TOP_HOME,,65,90,65,90,,4.0
mp_wrist_rotate_cpu_20260603_222001,mp_wrist_rotate_cpu,326,1,19.663154,21.074367,0.000000,37.369467,0.034574,0.000000,3.990784,37.369467,58.478408,62.481377,16.004769,0,0,0,0,0.000000,,TOP_HOME,,65,90,65,90,,6.7
mp_wrist_rotate_cpu_20260603_222001,mp_wrist_rotate_cpu,327,1,19.736535,26.135189,0.000000,42.954716,0.034296,0.000000,3.883210,42.954716,69.124201,73.020375,13.694808,0,0,0,0,0.000000,,TOP_HOME,,65,90,65,90,,4.6
mp_wrist_rotate_cpu_20260603_222001,mp_wrist_rotate_cpu,328,1,19.798264,20.714033,0.000000,36.682891,0.035629,0.000000,3.921599,36.682891,57.432553,61.366134,16.295633,0,0,0,0,0.000000,,TOP_HOME,,65,90,65,90,,5.2
mp_wrist_rotate_cpu_20260603_222001,mp_wrist_rotate_cpu,329,1,19.865574,23.011740,0.000000,39.824878,0.035074,0.179797,3.849062,39.824878,63.051489,66.946106,14.937389,0,0,0,1,0.000000,,TOP_HOME,,65,90,65,90,OK,5.0
mp_wrist_rotate_cpu_20260603_222001,mp_wrist_rotate_cpu,330,1,19.933355,24.203242,0.000000,38.891580,0.028592,0.000000,4.216432,38.891580,63.123414,67.362551,14.845043,0,0,0,0,0.000000,,TOP_HOME,,65,90,65,90,,7.4
mp_wrist_rotate_cpu_20260603_222001,mp_wrist_rotate_cpu,331,1,20.001954,23.724574,0.000000,39.483062,0.035370,0.000000,4.619045,39.483062,63.243006,67.876699,14.732596,0,0,0,0,0.000000,,TOP_HOME,,65,90,65,90,,5.8
mp_wrist_rotate_cpu_20260603_222001,mp_wrist_rotate_cpu,332,1,20.062712,19.646549,0.000000,36.766854,0.035037,0.000000,3.925154,36.766854,56.448440,60.387003,16.559855,0,0,0,0,0.000000,,TOP_HOME,,65,90,65,90,,5.2
mp_wrist_rotate_cpu_20260603_222001,mp_wrist_rotate_cpu,333,1,20.132174,26.622227,0.000000,37.247652,0.035167,0.000000,5.166379,37.247652,63.905046,69.103109,14.471129,0,0,0,0,0.000000,,TOP_HOME,,65,90,65,90,,5.8
mp_wrist_rotate_cpu_20260603_222001,mp_wrist_rotate_cpu,334,1,20.198356,25.083410,0.000000,36.828502,0.033796,0.000000,3.864432,36.828502,61.945708,65.823715,15.192093,0,0,0,0,0.000000,,TOP_HOME,,65,90,65,90,,5.0
mp_wrist_rotate_cpu_20260603_222001,mp_wrist_rotate_cpu,335,1,20.265020,22.949591,0.000000,38.754432,0.034463,0.000000,4.541470,38.754432,61.738486,66.292234,15.084723,0,0,0,0,0.000000,,TOP_HOME,,65,90,65,90,,5.8
mp_wrist_rotate_cpu_20260603_222001,mp_wrist_rotate_cpu,336,1,20.332752,24.246057,0.000000,39.238469,0.035630,0.000000,3.845081,39.238469,63.520156,67.377736,14.841698,0,0,0,0,0.000000,,TOP_HOME,,65,90,65,90,,5.8
mp_wrist_rotate_cpu_20260603_222001,mp_wrist_rotate_cpu,337,1,20.406320,24.803577,0.000000,38.472320,0.035130,0.200963,9.462348,38.472320,63.511990,73.037467,13.691603,0,0,0,1,0.000000,,TOP_HOME,,65,90,65,90,OK,6.5
mp_wrist_rotate_cpu_20260603_222001,mp_wrist_rotate_cpu,338,1,20.471654,15.328413,0.000000,41.192398,0.031445,0.000000,8.278679,41.192398,56.552256,64.850195,15.420154,0,0,0,0,0.000000,,TOP_HOME,,65,90,65,90,,8.0
mp_wrist_rotate_cpu_20260603_222001,mp_wrist_rotate_cpu,339,1,20.543266,17.657065,0.000000,44.529108,0.034463,0.000000,9.012329,44.529108,62.220636,71.246445,14.035788,0,0,0,0,0.000000,,TOP_HOME,,65,90,65,90,,8.3
mp_wrist_rotate_cpu_20260603_222001,mp_wrist_rotate_cpu,340,1,20.602231,14.086930,0.000000,39.352414,0.048630,0.000000,5.036675,39.352414,53.487974,58.539111,17.082596,0,0,0,0,0.000000,,TOP_HOME,,65,90,65,90,,8.7
mp_wrist_rotate_cpu_20260603_222001,mp_wrist_rotate_cpu,341,1,20.668507,19.253271,0.000000,40.037267,0.035259,0.000000,6.526399,40.037267,59.325797,65.866104,15.182316,0,0,0,0,0.000000,,TOP_HOME,,65,90,65,90,,8.0
mp_wrist_rotate_cpu_20260603_222001,mp_wrist_rotate_cpu,342,1,20.743504,20.832070,0.000000,44.677404,0.036000,0.000000,9.166514,44.677404,65.545474,74.724266,13.382534,0,0,0,0,0.000000,,TOP_HOME,,65,90,65,90,,6.5
mp_wrist_rotate_cpu_20260603_222001,mp_wrist_rotate_cpu,343,1,20.803457,14.171875,0.000000,39.026413,0.035297,0.000000,6.285787,39.026413,53.233585,59.539668,16.795525,0,0,0,0,0.000000,,TOP_HOME,,65,90,65,90,,6.5
mp_wrist_rotate_cpu_20260603_222001,mp_wrist_rotate_cpu,344,1,20.867323,17.899547,0.000000,40.201656,0.033741,0.000000,5.329267,40.201656,58.134944,63.477118,15.753708,0,0,0,0,0.000000,,TOP_HOME,,65,90,65,90,,6.0
mp_wrist_rotate_cpu_20260603_222001,mp_wrist_rotate_cpu,345,1,20.945678,22.154276,0.000000,48.608132,0.041018,0.476760,6.550603,48.608132,71.280186,77.998179,12.820812,0,0,0,1,0.000000,,TOP_HOME,,65,90,65,90,OK,8.6
mp_wrist_rotate_cpu_20260603_222001,mp_wrist_rotate_cpu,346,1,21.015288,12.006112,0.000000,51.348489,0.029537,0.000000,5.827491,51.348489,63.384138,69.233424,14.443891,0,0,0,0,0.000000,,TOP_HOME,,65,90,65,90,,7.7
mp_wrist_rotate_cpu_20260603_222001,mp_wrist_rotate_cpu,347,1,21.071291,6.185232,0.000000,43.936532,0.035000,0.000000,5.554786,43.936532,50.156764,55.722477,17.946079,0,0,0,0,0.000000,,TOP_HOME,,65,90,65,90,,8.3
mp_wrist_rotate_cpu_20260603_222001,mp_wrist_rotate_cpu,348,1,21.133607,18.368400,0.000000,38.209486,0.035704,0.000000,5.321231,38.209486,56.613590,61.948079,16.142551,0,0,0,0,0.000000,,TOP_HOME,,65,90,65,90,,4.3
mp_wrist_rotate_cpu_20260603_222001,mp_wrist_rotate_cpu,349,1,21.204325,23.812982,0.000000,41.659658,0.035833,0.000000,4.788230,41.659658,65.508473,70.311610,14.222402,0,0,0,0,0.000000,,TOP_HOME,,65,90,65,90,,8.0
mp_wrist_rotate_cpu_20260603_222001,mp_wrist_rotate_cpu,350,1,21.268929,17.106342,0.000000,40.592342,0.038815,0.000000,6.580547,40.592342,57.737499,64.330768,15.544661,0,0,0,0,0.000000,,TOP_HOME,,65,90,65,90,,7.6
mp_wrist_rotate_cpu_20260603_222001,mp_wrist_rotate_cpu,351,1,21.336054,20.462291,0.000000,40.822434,0.035204,0.000000,5.395768,40.822434,61.319929,66.728198,14.986168,0,0,0,0,0.000000,,TOP_HOME,,65,90,65,90,,6.2
mp_wrist_rotate_cpu_20260603_222001,mp_wrist_rotate_cpu,352,1,21.400875,21.530960,0.000000,37.651522,0.035537,0.000000,5.147452,37.651522,59.218019,64.380361,15.532687,0,0,0,0,0.000000,,TOP_HOME,,65,90,65,90,,5.2
mp_wrist_rotate_cpu_20260603_222001,mp_wrist_rotate_cpu,353,1,21.469246,20.380625,0.000000,37.361003,0.046722,0.484075,9.470478,37.361003,58.272425,67.785070,14.752511,0,0,0,1,0.000000,,TOP_HOME,,65,90,65,90,OK,7.4
mp_wrist_rotate_cpu_20260603_222001,mp_wrist_rotate_cpu,354,1,21.538490,20.449606,0.000000,43.200920,0.029389,0.000000,5.134823,43.200920,63.679915,68.834386,14.527623,0,0,0,0,0.000000,,TOP_HOME,,65,90,65,90,,7.0
mp_wrist_rotate_cpu_20260603_222001,mp_wrist_rotate_cpu,355,1,21.606686,19.267605,0.000000,41.049676,0.037667,0.000000,7.436790,41.049676,60.354948,67.806404,14.747870,0,0,0,0,0.000000,,TOP_HOME,,65,90,65,90,,6.5
mp_wrist_rotate_cpu_20260603_222001,mp_wrist_rotate_cpu,356,1,21.668857,14.745431,0.000000,41.443528,0.034463,0.000000,5.555342,41.443528,56.223422,61.794967,16.182548,0,0,0,0,0.000000,,TOP_HOME,,65,90,65,90,,7.3
mp_wrist_rotate_cpu_20260603_222001,mp_wrist_rotate_cpu,357,1,21.734787,20.470606,0.000000,38.950079,0.034926,0.000000,5.942676,38.950079,59.455611,65.412900,15.287504,0,0,0,0,0.000000,,TOP_HOME,,65,90,65,90,,6.7
mp_wrist_rotate_cpu_20260603_222001,mp_wrist_rotate_cpu,358,1,21.808555,27.082598,0.000000,41.202436,0.037055,0.000000,4.964434,41.202436,68.322089,73.305931,13.641461,0,0,0,0,0.000000,,TOP_HOME,,65,90,65,90,,7.4
mp_wrist_rotate_cpu_20260603_222001,mp_wrist_rotate_cpu,359,1,21.866607,12.782668,0.000000,38.765265,0.034870,0.000000,5.965954,38.765265,51.582803,57.561665,17.372673,0,0,0,0,0.000000,,TOP_HOME,,65,90,65,90,,6.8
mp_wrist_rotate_cpu_20260603_222001,mp_wrist_rotate_cpu,360,1,21.936949,24.229075,0.000000,39.197729,0.044686,0.000000,6.409714,39.197729,63.471490,69.902999,14.305538,0,0,0,0,0.000000,,TOP_HOME,,65,90,65,90,,6.7
mp_wrist_rotate_cpu_20260603_222001,mp_wrist_rotate_cpu,361,1,22.002522,20.387088,0.000000,39.024376,0.035389,0.807057,4.798749,39.024376,60.253910,65.100788,15.360797,0,0,0,1,0.000000,,TOP_HOME,,65,90,65,90,OK,6.0
mp_wrist_rotate_cpu_20260603_222001,mp_wrist_rotate_cpu,362,1,22.070728,18.846548,0.000000,43.963699,0.029556,0.000000,4.959563,43.963699,62.839803,67.813959,14.746227,0,0,0,0,0.000000,,TOP_HOME,,65,90,65,90,,8.0
mp_wrist_rotate_cpu_20260603_222001,mp_wrist_rotate_cpu,363,1,22.133828,18.801307,0.000000,37.987115,0.035945,0.000000,5.899158,37.987115,56.824367,62.735969,15.939819,0,0,0,0,0.000000,,TOP_HOME,,65,90,65,90,,7.3
mp_wrist_rotate_cpu_20260603_222001,mp_wrist_rotate_cpu,364,1,22.207508,23.725093,0.000000,44.039995,0.034593,0.000000,5.560805,44.039995,67.799681,73.374078,13.628791,0,0,0,0,0.000000,,TOP_HOME,,65,90,65,90,,5.8
mp_wrist_rotate_cpu_20260603_222001,mp_wrist_rotate_cpu,365,1,22.266620,13.989726,0.000000,38.231061,0.034778,0.000000,6.246528,38.231061,52.255565,58.515241,17.089565,0,0,0,0,0.000000,,TOP_HOME,,65,90,65,90,,7.6
mp_wrist_rotate_cpu_20260603_222001,mp_wrist_rotate_cpu,366,1,22.335597,22.841221,0.000000,40.554601,0.035518,0.000000,5.204638,40.554601,63.431340,68.649108,14.566832,0,0,0,0,0.000000,,TOP_HOME,,65,90,65,90,,6.7
mp_wrist_rotate_cpu_20260603_222001,mp_wrist_rotate_cpu,367,1,22.399724,21.833387,0.000000,36.856280,0.035648,0.000000,5.060083,36.856280,58.725315,63.798915,15.674248,0,0,0,0,0.000000,,TOP_HOME,,65,90,65,90,,6.5
mp_wrist_rotate_cpu_20260603_222001,mp_wrist_rotate_cpu,368,1,22.464987,21.759331,0.000000,37.292188,0.035278,0.000000,5.798139,37.292188,59.086797,64.898603,15.408652,0,0,0,0,0.000000,,TOP_HOME,,65,90,65,90,,5.2
mp_wrist_rotate_cpu_20260603_222001,mp_wrist_rotate_cpu,369,1,22.534239,24.409150,0.000000,38.168504,0.035685,0.731723,5.464824,38.168504,63.345062,68.912942,14.511062,0,0,0,1,0.000000,,TOP_HOME,,65,90,65,90,OK,5.8
mp_wrist_rotate_cpu_20260603_222001,mp_wrist_rotate_cpu,370,1,22.604200,23.546649,0.000000,40.771398,0.028852,0.000000,5.192083,40.771398,64.346899,69.563351,14.375386,0,0,0,0,0.000000,,TOP_HOME,,65,90,65,90,,10.0
mp_wrist_rotate_cpu_20260603_222001,mp_wrist_rotate_cpu,371,1,22.665878,17.487269,0.000000,38.458154,0.035074,0.000000,5.407620,38.458154,55.980497,61.401856,16.286153,0,0,0,0,0.000000,,TOP_HOME,,65,90,65,90,,7.3
mp_wrist_rotate_cpu_20260603_222001,mp_wrist_rotate_cpu,372,1,22.732462,23.659297,0.000000,37.317022,0.081315,0.000000,5.172397,37.317022,61.057634,66.243123,15.095907,0,0,0,0,0.000000,,TOP_HOME,,65,90,65,90,,4.8
mp_wrist_rotate_cpu_20260603_222001,mp_wrist_rotate_cpu,373,1,22.801561,25.098539,0.000000,38.043097,0.035500,0.000000,5.510601,38.043097,63.177136,68.703035,14.555398,0,0,0,0,0.000000,,TOP_HOME,,65,90,65,90,,7.2
mp_wrist_rotate_cpu_20260603_222001,mp_wrist_rotate_cpu,374,1,22.864120,20.236810,0.000000,37.026373,0.034908,0.000000,4.825026,37.026373,57.298091,62.136931,16.093489,0,0,0,0,0.000000,,TOP_HOME,,65,90,65,90,,6.0
mp_wrist_rotate_cpu_20260603_222001,mp_wrist_rotate_cpu,375,1,22.938092,25.455614,0.000000,42.021473,0.034370,0.000000,6.174621,42.021473,67.511457,73.699060,13.568694,0,0,0,0,0.000000,,TOP_HOME,,65,90,65,90,,7.4
mp_wrist_rotate_cpu_20260603_222001,mp_wrist_rotate_cpu,376,1,23.002701,19.357883,0.000000,39.725878,0.038000,0.000000,5.225860,39.725878,59.121761,64.360213,15.537550,0,0,0,0,0.000000,,TOP_HOME,,65,90,65,90,,7.0
mp_wrist_rotate_cpu_20260603_222001,mp_wrist_rotate_cpu,377,1,23.072390,21.415756,0.000000,41.502380,0.083407,0.694815,5.417138,41.502380,63.696358,69.231757,14.444238,0,0,0,1,0.000000,,TOP_HOME,,65,90,65,90,OK,8.0
mp_wrist_rotate_cpu_20260603_222001,mp_wrist_rotate_cpu,378,1,23.138921,17.181378,0.000000,42.842400,0.030704,0.000000,6.092435,42.842400,60.054482,66.161437,15.114545,0,0,0,0,0.000000,,TOP_HOME,,65,90,65,90,,8.7
mp_wrist_rotate_cpu_20260603_222001,mp_wrist_rotate_cpu,379,1,23.201156,18.713696,0.000000,37.693319,0.034537,0.000000,5.340804,37.693319,56.441552,61.797172,16.181970,0,0,0,0,0.000000,,TOP_HOME,,65,90,65,90,,4.5
mp_wrist_rotate_cpu_20260603_222001,mp_wrist_rotate_cpu,380,1,23.264903,20.323625,0.000000,37.542188,0.035130,0.000000,5.480638,37.542188,57.900943,63.394841,15.774154,0,0,0,0,0.000000,,TOP_HOME,,65,90,65,90,,8.0
mp_wrist_rotate_cpu_20260603_222001,mp_wrist_rotate_cpu,381,1,23.333800,24.575706,0.000000,38.606172,0.034870,0.000000,5.266119,38.606172,63.216748,68.496182,14.599354,0,0,0,0,0.000000,,TOP_HOME,,65,90,65,90,,5.3
mp_wrist_rotate_cpu_20260603_222001,mp_wrist_rotate_cpu,382,1,23.400231,23.640815,0.000000,37.371392,0.035296,0.000000,4.931434,37.371392,61.047503,65.994474,15.152784,0,0,0,0,0.000000,,TOP_HOME,,65,90,65,90,,6.7
mp_wrist_rotate_cpu_20260603_222001,mp_wrist_rotate_cpu,383,1,23.466272,21.233201,0.000000,38.093411,0.035315,0.000000,6.249862,38.093411,59.361927,65.626826,15.237671,0,0,0,0,0.000000,,TOP_HOME,,65,90,65,90,,5.0
mp_wrist_rotate_cpu_20260603_222001,mp_wrist_rotate_cpu,384,1,23.534612,23.148555,0.000000,39.592192,0.035519,0.000000,5.133712,39.592192,62.776266,67.923922,14.722354,0,0,0,0,0.000000,,TOP_HOME,,65,90,65,90,,6.7
mp_wrist_rotate_cpu_20260603_222001,mp_wrist_rotate_cpu,385,1,23.600967,22.829240,0.000000,37.796837,0.033926,0.358705,4.947304,37.796837,61.018708,66.012067,15.148745,0,0,0,1,0.000000,,TOP_HOME,,65,90,65,90,OK,4.8
mp_wrist_rotate_cpu_20260603_222001,mp_wrist_rotate_cpu,386,1,23.673431,20.535088,0.000000,40.663342,0.029963,0.000000,10.641906,40.663342,61.228393,71.884520,13.911201,0,0,0,0,0.000000,,TOP_HOME,,65,90,65,90,,11.1
mp_wrist_rotate_cpu_20260603_222001,mp_wrist_rotate_cpu,387,1,23.734980,16.016396,0.000000,40.280268,0.034037,0.000000,4.882378,40.280268,56.330701,61.226633,16.332762,0,0,0,0,0.000000,,TOP_HOME,,65,90,65,90,,6.2
mp_wrist_rotate_cpu_20260603_222001,mp_wrist_rotate_cpu,388,1,23.800049,22.618276,0.000000,37.114262,0.034222,0.000000,5.024619,37.114262,59.766760,64.805139,15.430875,0,0,0,0,0.000000,,TOP_HOME,,65,90,65,90,,5.8
mp_wrist_rotate_cpu_20260603_222001,mp_wrist_rotate_cpu,389,1,23.867703,21.540034,0.000000,40.675638,0.033482,0.000000,5.081564,40.675638,62.249154,67.344458,14.849032,0,0,0,0,0.000000,,TOP_HOME,,65,90,65,90,,7.7
mp_wrist_rotate_cpu_20260603_222001,mp_wrist_rotate_cpu,390,1,23.934442,21.769219,0.000000,39.474247,0.034315,0.000000,5.081082,39.474247,61.277781,66.372493,15.066482,0,0,0,0,0.000000,,TOP_HOME,,65,90,65,90,,5.8
mp_wrist_rotate_cpu_20260603_222001,mp_wrist_rotate_cpu,391,1,24.001172,23.063111,0.000000,37.871356,0.035037,0.000000,5.335879,37.871356,60.969504,66.319475,15.078527,0,0,0,0,0.000000,,TOP_HOME,,65,90,65,90,,5.8
mp_wrist_rotate_cpu_20260603_222001,mp_wrist_rotate_cpu,392,1,24.068372,20.342088,0.000000,41.141010,0.033778,0.000000,5.225601,41.141010,61.516876,66.755568,14.980024,0,0,0,0,0.000000,,TOP_HOME,,65,90,65,90,,6.0
mp_wrist_rotate_cpu_20260603_222001,mp_wrist_rotate_cpu,393,1,24.133386,21.113793,0.000000,37.267096,0.041278,0.622946,5.349934,37.267096,59.045113,64.433435,15.519893,0,0,0,1,0.000000,,TOP_HOME,,65,90,65,90,OK,5.2
mp_wrist_rotate_cpu_20260603_222001,mp_wrist_rotate_cpu,394,1,24.202673,24.380723,0.000000,38.875117,0.029611,0.000000,5.582491,38.875117,63.285451,68.886997,14.516528,0,0,0,0,0.000000,,TOP_HOME,,65,90,65,90,,5.8
mp_wrist_rotate_cpu_20260603_222001,mp_wrist_rotate_cpu,395,1,24.268151,19.437809,0.000000,40.646508,0.045370,0.000000,4.860415,40.646508,60.129687,65.019029,15.380113,0,0,0,0,0.000000,,TOP_HOME,,65,90,65,90,,7.7
mp_wrist_rotate_cpu_20260603_222001,mp_wrist_rotate_cpu,396,1,24.362700,21.332812,0.000000,66.790735,0.071370,0.177389,5.744972,66.790735,88.372306,94.151908,10.621134,1,1,1,1,0.918434,407.198744,TOP_HOME,,71,90,67,90,OK,6.1
mp_wrist_rotate_cpu_20260603_222001,mp_wrist_rotate_cpu,397,1,24.407070,0.796483,0.000000,37.941782,0.063074,0.000000,5.269082,37.941782,38.801339,44.087347,22.682245,1,1,1,0,0.904280,352.280178,TOP_HOME,,67,90,67,90,,13.2
mp_wrist_rotate_cpu_20260603_222001,mp_wrist_rotate_cpu,398,1,24.458309,14.438505,0.000000,30.902141,0.069037,0.171556,5.225231,30.902141,45.581239,50.851303,19.665179,1,1,1,1,0.957960,327.605505,TOP_HOME,,64,90,65,90,OK,5.5
mp_wrist_rotate_cpu_20260603_222001,mp_wrist_rotate_cpu,399,1,24.529610,31.710032,0.000000,33.564127,0.061370,0.000000,5.519546,33.564127,65.335529,70.878797,14.108592,1,1,1,0,0.964895,314.703331,TOP_HOME,,62,90,65,90,,6.9
mp_wrist_rotate_cpu_20260603_222001,mp_wrist_rotate_cpu,400,1,24.593545,27.943304,0.000000,29.412565,0.069204,0.401334,5.424027,29.412565,57.826407,63.284711,15.801605,1,1,1,1,0.964721,311.018677,TOP_HOME,,61,90,63,90,OK,4.2
mp_wrist_rotate_cpu_20260603_222001,mp_wrist_rotate_cpu,401,1,24.659793,28.013193,0.000000,32.375014,0.060796,0.000000,5.375194,32.375014,60.449003,65.839603,15.188427,1,1,1,0,0.972391,305.137367,TOP_HOME,,60,90,63,90,,7.7
mp_wrist_rotate_cpu_20260603_222001,mp_wrist_rotate_cpu,402,1,24.728197,29.646158,0.000000,31.381568,0.068815,0.481890,6.136861,31.381568,61.578431,67.753218,14.759447,1,1,1,1,0.967285,292.425189,TOP_HOME,,59,90,61,90,OK,4.8
mp_wrist_rotate_cpu_20260603_222001,mp_wrist_rotate_cpu,403,1,24.796355,29.342676,0.000000,33.092978,0.062759,0.000000,5.217786,33.092978,62.498413,67.730514,14.764394,1,1,1,0,0.966357,273.024187,TOP_HOME,,60,90,61,90,,5.0
mp_wrist_rotate_cpu_20260603_222001,mp_wrist_rotate_cpu,404,1,24.857829,25.224632,0.000000,30.409585,0.071093,0.000000,5.387268,30.409585,55.705310,61.106393,16.364900,1,1,1,0,0.968353,248.533578,TOP_HOME,,61,90,61,90,,7.0
mp_wrist_rotate_cpu_20260603_222001,mp_wrist_rotate_cpu,405,1,24.928169,31.711754,0.000000,30.418196,0.689408,0.807520,6.280640,30.418196,63.626878,69.956110,14.294677,1,1,1,1,0.964521,219.337292,TOP_HOME,,64,90,63,90,OK,5.5
mp_wrist_rotate_cpu_20260603_222001,mp_wrist_rotate_cpu,406,1,24.994430,29.375435,0.000000,30.968734,0.062907,0.000000,5.450824,30.968734,60.407076,65.872882,15.180754,1,1,1,0,0.970021,191.017880,TOP_HOME,,67,90,63,90,,5.2
mp_wrist_rotate_cpu_20260603_222001,mp_wrist_rotate_cpu,407,1,25.058233,27.203043,0.000000,30.778382,0.069111,0.170075,5.140045,30.778382,58.220611,63.405359,15.771538,1,1,1,1,0.964480,156.965168,TOP_HOME,,71,90,65,90,OK,6.7
